time,rpm,duty_cycle,v_in,c_in,c_motor,temp_motor,time_ms,amp_hours,amp_hours_charged,motor_wattage,v_out
1732231358.050959,0.0,0.0,45.1,0.0,0.0,-88.6,16383161.0,0.0206,0.0006,0.0,0.0
1732231358.1006296,0.0,0.0,45.3,0.0,0.0,-88.7,16577877.0,0.0206,0.0006,0.0,0.0
1732231358.1512277,0.0,0.0,45.3,0.0,0.0,-89.0,16514233.0,0.0206,0.0006,0.0,0.0
1732231358.200602,0.0,0.0,45.2,0.0,0.0,-88.4,16446805.0,0.0206,0.0006,0.0,0.0
1732231358.250864,0.0,0.0,45.3,0.0,0.0,-88.8,16446805.0,0.0206,0.0006,0.0,0.0
1732231358.3008084,0.0,0.0,45.2,0.0,0.0,-86.9,16577877.0,0.0206,0.0006,0.0,0.0
1732231358.3514812,0.0,0.001,45.2,0.0,0.0,-85.2,16383142.0,0.0206,0.0006,0.0,0.0
1732231358.4008381,0.0,0.0,45.2,0.0,0.0,-84.9,16577877.0,0.0206,0.0006,0.0,0.0
1732231358.4508564,0.0,0.0,45.4,0.0,0.0,-82.6,16579825.0,0.0206,0.0006,0.0,0.0
1732231358.5009282,0.0,0.0,45.2,0.0,0.0,-82.2,16577877.0,0.0206,0.0006,0.0,0.0
1732231358.5511765,0.0,0.0,45.3,0.0,0.0,-82.0,16446805.0,0.0206,0.0006,0.0,0.0
1732231358.6508408,0.0,0.0,45.2,0.0,0.0,-86.1,16383119.0,0.0206,0.0006,0.0,0.0
1732231358.7012284,0.0,0.0,45.2,0.0,0.0,-87.0,16514191.0,0.0206,0.0006,0.0,0.0
1732231358.7513943,0.0,0.0,45.2,0.0,0.0,-87.6,16382989.0,0.0206,0.0006,0.0,0.0
1732231358.8011847,0.0,0.0,45.2,0.0,0.0,-88.7,16448525.0,0.0206,0.0006,0.0,0.0
1732231358.8508444,0.0,0.0,45.3,0.0,0.0,-88.4,16514061.0,0.0206,0.0006,0.0,0.0
1732231358.900872,0.0,0.0,45.2,0.0,0.0,-88.7,16579660.0,0.0206,0.0006,0.0,0.0
1732231358.951249,0.0,0.0,45.3,0.0,0.0,-85.9,16514214.0,0.0206,0.0006,0.0,0.0
1732231359.0507658,0.0,0.0,45.2,0.0,0.0,-85.0,16446805.0,0.0206,0.0006,0.0,0.0
1732231359.1006684,0.0,0.0,45.3,0.0,0.0,-82.0,16383178.0,0.0206,0.0006,0.0,0.0
1732231359.15159,0.0,0.0,45.2,0.0,0.0,-81.1,16448728.0,0.0206,0.0006,0.0,0.0
1732231359.200917,0.0,0.0,45.2,0.0,0.0,-80.3,16514191.0,0.0206,0.0006,0.0,0.0
1732231359.2516673,0.0,0.0,45.3,0.0,0.0,-79.9,16315733.0,0.0206,0.0006,0.0,0.0
1732231359.3007958,0.0,0.0,45.2,0.0,0.0,-80.8,16577877.0,0.0206,0.0006,0.0,0.0
1732231359.351655,0.0,0.0,45.2,0.0,0.0,-81.6,16579660.0,0.0206,0.0006,0.0,0.0
1732231359.4008594,0.0,0.0,45.2,0.0,0.0,-82.3,16577877.0,0.0206,0.0006,0.0,0.0
1732231359.4509337,0.0,0.001,45.3,0.0,0.0,-82.2,16383052.0,0.0206,0.0006,0.0,0.0
1732231359.5007765,0.0,0.0,45.1,0.0,0.0,-81.9,16579660.0,0.0206,0.0006,0.0,0.0
1732231359.5518749,0.0,0.0,45.2,0.0,0.0,-81.2,16579660.0,0.0206,0.0006,0.0,0.0
1732231359.6012561,0.0,0.0,45.3,0.0,0.0,-81.4,16577877.0,0.0206,0.0006,0.0,0.0
1732231359.6513197,0.0,0.0,45.3,0.0,0.77,-82.1,16446805.0,0.0207,0.0006,0.0,0.0
1732231359.7008958,0.0,0.0,45.5,0.0,1.09,-83.3,16383091.0,0.0207,0.0006,0.0,0.0
1732231359.7516384,0.0,0.0,45.2,0.0,1.06,-83.6,16514233.0,0.0207,0.0006,0.0,0.0
1732231359.801435,0.0,0.0,45.6,0.0,1.07,-84.6,16383052.0,0.0207,0.0006,0.0,0.0
1732231359.851293,0.0,0.0,45.5,0.0,1.1,-85.4,16448627.0,0.0207,0.0006,0.0,0.0
1732231359.9009137,0.0,0.0,45.2,0.0,1.21,-84.5,16514061.0,0.0207,0.0006,0.0,0.0
1732231359.9510994,0.0,0.0,45.2,0.0,1.2,-84.1,16448627.0,0.0207,0.0006,0.0,0.0
1732231360.1522276,0.0,0.0,45.3,0.0,1.24,-82.2,16514163.0,0.0207,0.0006,0.0,0.0
1732231360.352107,0.0,0.0,45.1,0.0,1.28,-83.3,16514061.0,0.0207,0.0006,0.0,0.0
1732231360.4014966,0.0,0.0,45.2,0.0,1.19,-84.0,16512341.0,0.0207,0.0006,0.0,0.0
1732231360.501154,0.0,0.0,45.2,0.0,1.24,-83.9,16514061.0,0.0207,0.0006,0.0,0.0
1732231360.5521698,0.0,0.0,45.3,0.0,1.27,-84.2,16448627.0,0.0207,0.0006,0.0,0.0
1732231360.6010752,0.0,0.0,45.2,0.0,1.34,-84.3,16512341.0,0.0207,0.0006,0.0,0.0
1732231360.6509683,0.0,0.0,45.1,0.0,1.2,-83.6,16514214.0,0.0207,0.0006,0.0,0.0
1732231360.751902,0.0,0.0,45.0,0.0,1.21,-83.4,16514061.0,0.0207,0.0006,0.0,0.0
1732231360.8014674,0.0,0.0,45.2,0.0,1.26,-83.9,16381269.0,0.0207,0.0006,0.0,0.0
1732231360.8512752,0.0,0.0,45.0,0.0,1.18,-82.9,16645322.0,0.0207,0.0006,0.0,0.0
1732231360.9010599,0.0,0.0,45.1,0.0,1.33,-83.2,16514061.0,0.0207,0.0006,0.0,0.0
1732231361.0012703,0.0,0.0,45.3,0.0,1.21,-81.5,16514061.0,0.0207,0.0006,0.0,0.0
1732231361.1520035,0.0,0.0,45.1,0.0,1.14,-82.3,16382989.0,0.0207,0.0006,0.0,0.0
1732231361.2015038,0.0,0.0,45.5,0.0,1.36,-83.0,16514061.0,0.0207,0.0006,0.0,0.0
1732231361.3010786,0.0,0.0,45.2,0.0,1.36,-84.0,16514163.0,0.0207,0.0006,0.0,0.0
1732231361.3520627,0.0,0.0,45.2,0.0,1.28,-83.6,16512341.0,0.0207,0.0006,0.0,0.0
1732231361.4013438,0.0,0.0,45.3,0.0,1.34,-83.6,16383091.0,0.0207,0.0006,0.0,0.0
1732231361.4511936,0.0,0.0,45.3,0.0,1.1,-82.7,16514163.0,0.0207,0.0006,0.0,0.0
1732231361.5008776,0.0,0.0,45.3,0.0,1.2,-82.2,16512341.0,0.0207,0.0006,0.0,0.0
1732231361.6011238,0.0,0.0,45.0,0.0,1.26,-81.6,16512341.0,0.0207,0.0006,0.0,0.0
1732231361.6510355,0.0,0.0,45.5,0.0,1.02,-81.8,16514124.0,0.0207,0.0006,0.0,0.0
1732231361.700943,0.0,0.0,45.4,0.0,1.27,-82.7,16514061.0,0.0207,0.0006,0.0,0.0
1732231361.7520237,0.0,0.0,45.2,0.0,1.37,-83.4,16577877.0,0.0207,0.0006,0.0,0.0
1732231361.801358,0.0,0.0,45.2,0.0,1.21,-84.3,16514163.0,0.0207,0.0006,0.0,0.0
1732231361.8509953,0.0,0.0,45.1,0.0,1.3,-83.7,16514124.0,0.0207,0.0006,0.0,0.0
1732231361.9010437,0.0,0.0,45.1,0.0,1.17,-83.1,16514163.0,0.0207,0.0006,0.0,0.0
1732231361.9517787,0.0,0.039,45.3,0.0,1.36,-83.6,16514163.0,0.0207,0.0006,0.0,0.0
1732231362.001399,372.42857142857144,0.096,45.2,4.22,42.57,-83.7,16643413.0,0.0207,0.0006,88.07935714285715,2.0690476190476192
1732231362.0511918,522.2857142857143,0.061,45.3,-0.6,-9.13,-82.9,16514124.0,0.0207,0.0006,-26.491492063492068,2.901587301587302
1732231362.1012723,497.0,0.059,45.2,-0.02,0.66,-82.8,16448588.0,0.0207,0.0006,1.8223333333333336,2.761111111111111
1732231362.1523857,468.0,0.06,45.1,0.41,14.41,-82.5,16448525.0,0.0207,0.0006,37.466,2.6
1732231362.2012494,447.85714285714283,0.061,45.2,0.26,9.21,-82.4,16514289.0,0.0207,0.0006,22.915357142857143,2.488095238095238
1732231362.251257,342.7142857142857,0.038,45.2,0.27,6.24,-82.2,16446805.0,0.0207,0.0006,11.880761904761906,1.903968253968254
1732231362.3523407,327.85714285714283,0.057,45.2,0.2,8.9,-81.0,16514233.0,0.0207,0.0006,16.210714285714285,1.8214285714285714
1732231363.9525352,442.14285714285717,0.076,45.3,1.98,22.03,-80.8,16514124.0,0.0208,0.0006,54.11337301587302,2.4563492063492065
1732231364.0018735,476.57142857142856,0.056,45.3,-0.24,-5.26,-81.4,16579813.0,0.0208,0.0006,-13.92647619047619,2.6476190476190475
1732231364.15205,1072.5714285714287,0.186,45.6,-0.8,-6.32,-81.3,16710799.0,0.0209,0.0007,-37.659174603174606,5.958730158730159
1732231364.2013717,1400.0,0.205,45.3,6.21,27.25,-81.5,16512341.0,0.021,0.0007,211.94444444444446,7.777777777777778
1732231364.254398,1439.2857142857142,0.183,45.1,-1.45,-9.03,-81.8,16512341.0,0.021,0.0007,-72.20416666666665,7.996031746031746
1732231364.3009796,1404.4285714285713,0.193,45.3,0.55,3.01,-81.6,16645286.0,0.021,0.0007,23.48516666666666,7.802380952380952
1732231364.4010463,1431.7142857142858,0.198,45.2,0.86,4.62,-81.4,16577877.0,0.021,0.0007,36.74733333333334,7.953968253968254
1732231364.4511049,1596.142857142857,0.248,45.2,5.93,24.81,-80.2,16381269.0,0.0211,0.0007,220.00169047619048,8.867460317460317
1732231364.5512745,1651.2857142857142,0.225,45.3,0.35,1.61,-81.6,16645286.0,0.0211,0.0007,14.769833333333334,9.173809523809524
1732231364.650945,2415.5714285714284,0.322,45.4,-1.25,-4.83,-82.2,16710872.0,0.0214,0.0008,-64.81783333333333,13.41984126984127
1732231364.7008293,2442.8571428571427,0.362,45.1,3.17,8.8,-82.4,16514191.0,0.0214,0.0008,119.42857142857143,13.571428571428571
1732231364.8513358,3316.0,0.437,45.4,-3.87,-9.79,-81.5,16514214.0,0.0218,0.0009,-180.35355555555554,18.42222222222222
1732231365.0006826,3657.1428571428573,0.489,45.2,4.79,10.62,-82.8,16448525.0,0.0221,0.0009,215.77142857142857,20.31746031746032
1732231365.0509768,3658.285714285714,0.493,45.2,1.81,3.9,-80.8,16579750.0,0.0221,0.0009,79.26285714285714,20.323809523809523
1732231365.100762,3652.714285714286,0.493,45.1,1.67,4.12,-81.1,16514233.0,0.0221,0.0009,83.60657142857143,20.292857142857144
1732231365.1512225,3648.0,0.465,45.2,2.06,4.98,-80.5,16579597.0,0.0222,0.0009,100.92800000000001,20.266666666666666
1732231365.200906,2655.0,0.018,45.4,-20.61,-123.67,-79.5,16579660.0,0.0222,0.0012,-1824.1325,14.75
1732231365.2507951,913.2857142857143,-0.164,45.0,7.24,52.59,-79.1,16514061.0,0.0223,0.0012,266.83164285714287,5.073809523809524
1732231365.4009886,5.285714285714286,0.0,45.5,0.0,-1.49,-79.9,16512341.0,0.0223,0.0013,-0.04375396825396825,0.029365079365079365
1732231365.4510846,2.2857142857142856,0.0,45.2,0.0,-1.32,-82.2,16708949.0,0.0223,0.0013,-0.01676190476190476,0.012698412698412698
1732231365.6513312,0.0,0.0,45.1,0.0,-1.11,-81.7,16579660.0,0.0223,0.0013,-0.0,0.0
1732231365.7007325,0.0,0.0,45.1,0.0,-1.1,-81.6,16710771.0,0.0223,0.0013,-0.0,0.0
1732231365.8008032,0.0,0.0,45.2,0.0,-1.16,-82.9,16514061.0,0.0223,0.0013,-0.0,0.0
1732231365.85103,0.0,0.0,45.3,0.0,-1.07,-82.8,16645133.0,0.0223,0.0013,-0.0,0.0
1732231365.9008617,0.0,0.0,45.2,0.0,-1.06,-83.1,16512341.0,0.0223,0.0013,-0.0,0.0
1732231365.9511173,0.0,0.0,45.2,0.0,-1.13,-82.5,16710669.0,0.0223,0.0013,-0.0,0.0
1732231366.0014176,0.0,0.0,45.3,0.0,-0.99,-81.6,16710799.0,0.0223,0.0013,-0.0,0.0
1732231366.0511026,0.0,0.0,45.3,0.0,-1.02,-81.3,16579597.0,0.0223,0.0013,-0.0,0.0
1732231366.1008248,0.0,0.0,45.3,0.0,-1.18,-81.9,16579597.0,0.0223,0.0013,-0.0,0.0
1732231366.1513274,0.0,0.0,45.3,0.0,-1.07,-81.3,16579597.0,0.0223,0.0013,-0.0,0.0
1732231366.2007751,0.0,0.0,45.3,0.0,-1.1,-81.4,16710669.0,0.0223,0.0013,-0.0,0.0
1732231366.2514744,0.0,0.0,45.2,0.0,-0.93,-81.4,16579769.0,0.0223,0.0013,-0.0,0.0
1732231366.3007321,0.0,0.0,45.3,0.0,-1.08,-81.4,16643413.0,0.0223,0.0013,-0.0,0.0
1732231366.351314,0.0,0.0,45.3,0.0,-1.1,-82.4,16514250.0,0.0223,0.0013,-0.0,0.0
1732231366.4011297,0.0,0.0,45.2,0.0,-1.07,-83.2,16645196.0,0.0223,0.0013,-0.0,0.0
1732231366.4510202,0.0,0.0,45.5,0.0,-1.13,-83.3,16579786.0,0.0223,0.0013,-0.0,0.0
1732231366.501487,0.0,0.0,45.3,0.0,-1.11,-83.2,16579597.0,0.0223,0.0013,-0.0,0.0
1732231366.5516179,0.0,0.04,45.2,0.0,-1.05,-82.6,16577877.0,0.0223,0.0013,-0.0,0.0
1732231366.6011858,195.85714285714286,0.025,45.3,1.53,14.76,-81.9,16710858.0,0.0223,0.0013,16.060285714285715,1.0880952380952382
1732231366.6513288,295.7142857142857,0.052,45.4,0.89,12.42,-82.1,16643413.0,0.0223,0.0013,20.404285714285717,1.6428571428571428
1732231366.7010536,354.14285714285717,0.073,45.5,0.87,10.9,-82.3,16579769.0,0.0223,0.0013,21.44531746031746,1.9674603174603176
1732231366.9007628,516.0,0.14,45.1,3.07,30.86,-81.8,16643413.0,0.0224,0.0013,88.46533333333333,2.8666666666666667
1732231366.9511805,711.5714285714286,0.094,45.3,-0.37,-4.63,-81.8,16514061.0,0.0224,0.0013,-18.30319841269841,3.953174603174603
1732231367.0013733,716.4285714285714,0.1,45.1,0.02,-0.08,-82.6,16448525.0,0.0224,0.0013,-0.3184126984126984,3.9801587301587302
1732231367.0512807,819.8571428571429,0.121,45.3,1.9,14.46,-82.4,16579750.0,0.0224,0.0013,65.86185714285715,4.554761904761905
1732231367.2010362,828.2857142857143,0.117,45.2,0.3,3.13,-82.3,16514061.0,0.0224,0.0013,14.402968253968256,4.601587301587302
1732231367.2511427,852.2857142857143,0.122,45.3,0.52,4.95,-82.3,16710822.0,0.0224,0.0013,23.437857142857144,4.734920634920635
1732231367.300893,864.5714285714286,0.13,45.1,0.43,4.63,-80.2,16645133.0,0.0224,0.0013,22.23869841269841,4.803174603174603
1732231367.351163,885.0,0.114,45.1,0.17,2.96,-80.0,16579769.0,0.0224,0.0013,14.553333333333333,4.916666666666667
1732231367.4008958,876.0,0.125,45.2,0.27,2.65,-79.4,16579769.0,0.0224,0.0013,12.896666666666667,4.866666666666666
1732231367.4507709,902.5714285714286,0.124,45.4,0.6,5.72,-79.0,16645286.0,0.0225,0.0013,28.681714285714285,5.014285714285714
1732231367.501001,912.2857142857143,0.136,45.3,0.45,4.75,-79.2,16645133.0,0.0225,0.0013,24.07420634920635,5.068253968253969
1732231367.5517943,930.8571428571429,0.148,45.3,0.18,1.96,-78.7,16840021.0,0.0225,0.0013,10.136,5.171428571428572
1732231367.7514658,1177.142857142857,0.16,45.3,0.24,1.16,-78.9,16708949.0,0.0225,0.0013,7.586031746031746,6.5396825396825395
1732231367.9007466,1249.4285714285713,0.212,45.2,2.77,14.08,-80.5,16579660.0,0.0226,0.0013,97.73307936507936,6.941269841269841
1732231367.9512908,1344.7142857142858,0.174,45.2,-0.64,-4.05,-81.1,16643413.0,0.0226,0.0013,-30.25607142857143,7.470634920634921
1732231368.0009642,1349.2857142857142,0.184,45.1,0.58,3.89,-79.8,16577877.0,0.0226,0.0013,29.15956349206349,7.496031746031746
1732231368.051028,1365.7142857142858,0.19,45.1,0.85,5.33,-81.2,16643413.0,0.0226,0.0013,40.440317460317466,7.587301587301588
1732231368.1515062,1485.7142857142858,0.204,45.5,-0.46,-2.7,-81.0,16710841.0,0.0227,0.0013,-22.28571428571429,8.253968253968255
1732231368.2010562,1524.4285714285713,0.205,45.2,1.08,5.83,-80.3,16577877.0,0.0227,0.0013,49.37454761904761,8.469047619047618
1732231368.2508137,1538.7142857142858,0.212,45.1,0.84,4.4,-81.1,16645263.0,0.0227,0.0013,37.613015873015875,8.5484126984127
1732231368.300831,1542.4285714285713,0.21,45.2,0.3,2.06,-80.2,16579750.0,0.0227,0.0013,17.652238095238094,8.569047619047618
1732231368.351066,1538.0,0.219,45.1,0.56,3.36,-79.9,16577877.0,0.0227,0.0013,28.70933333333333,8.544444444444444
1732231368.4508433,1655.2857142857142,0.232,45.2,2.58,11.89,-80.6,16710732.0,0.0228,0.0013,109.34081746031747,9.196031746031746
1732231368.6011915,1713.4285714285713,0.233,45.3,1.01,5.18,-81.3,16708949.0,0.0228,0.0013,49.30866666666667,9.519047619047619
1732231368.6511333,1710.5714285714287,0.233,45.3,0.47,2.63,-81.5,16708949.0,0.0228,0.0013,24.993349206349208,9.503174603174603
1732231368.7012134,1717.7142857142858,0.245,45.2,1.23,6.07,-81.3,16643413.0,0.0228,0.0013,57.925142857142866,9.542857142857143
1732231368.8014097,1876.7142857142858,0.249,45.2,2.95,11.5,-81.4,16579786.0,0.0229,0.0013,119.90119047619048,10.426190476190477
1732231368.8508987,1863.2857142857142,0.251,45.0,-0.05,-0.61,-80.3,16643413.0,0.0229,0.0014,-6.314468253968253,10.351587301587301
1732231368.9009326,1853.142857142857,0.254,45.1,0.87,4.18,-81.2,16577877.0,0.0229,0.0014,43.03409523809523,10.295238095238094
1732231368.9513412,1855.0,0.254,45.1,0.74,3.6,-81.6,16774485.0,0.0229,0.0014,37.1,10.305555555555555
1732231369.2014754,1931.7142857142858,0.263,45.2,1.19,5.37,-80.7,16774485.0,0.023,0.0014,57.62947619047619,10.731746031746033
1732231369.25096,1950.0,0.268,45.2,1.22,5.39,-80.1,16708949.0,0.023,0.0014,58.391666666666666,10.833333333333334
1732231369.3009927,1956.4285714285713,0.265,45.2,0.41,2.13,-80.0,16645133.0,0.023,0.0014,23.151071428571427,10.869047619047619
1732231369.3517468,1951.7142857142858,0.299,45.3,0.79,3.59,-79.0,16645196.0,0.023,0.0014,38.92585714285714,10.842857142857143
1732231369.401367,2089.5714285714284,0.281,45.3,3.85,13.78,-79.9,16710669.0,0.0231,0.0014,159.96830158730157,11.608730158730157
1732231369.4511137,2108.4285714285716,0.285,45.2,0.36,1.51,-79.3,16579597.0,0.0231,0.0014,17.687373015873018,11.713492063492064
1732231369.5009258,2102.4285714285716,0.285,45.1,0.56,2.55,-79.1,16577877.0,0.0231,0.0014,29.78440476190476,11.68015873015873
1732231369.5509067,2097.5714285714284,0.287,45.2,0.94,4.02,-79.4,16579750.0,0.0231,0.0014,46.8457619047619,11.653174603174602
1732231369.6012151,2153.5714285714284,0.292,45.2,2.02,7.9,-79.7,16579769.0,0.0231,0.0014,94.51785714285714,11.964285714285714
1732231369.651183,2153.5714285714284,0.291,45.4,0.36,1.25,-80.0,16643413.0,0.0231,0.0014,14.95535714285714,11.964285714285714
1732231369.7009141,2155.0,0.304,45.0,1.65,6.48,-81.2,16710799.0,0.0232,0.0014,77.58000000000001,11.972222222222221
1732231369.7517495,2177.1428571428573,0.305,45.4,0.62,2.81,-82.0,16577877.0,0.0232,0.0014,33.98761904761905,12.095238095238097
1732231369.8008347,2228.4285714285716,0.301,45.3,1.94,7.38,-82.5,16645286.0,0.0232,0.0014,91.36557142857144,12.380158730158731
1732231369.8508573,2310.0,0.323,45.4,3.73,12.38,-82.1,16579750.0,0.0233,0.0014,158.8766666666667,12.833333333333334
1732231369.900853,2343.285714285714,0.324,45.1,0.16,0.59,-83.1,16643413.0,0.0233,0.0014,7.68076984126984,13.018253968253967
1732231370.001456,2343.4285714285716,0.318,45.2,0.97,3.73,-81.9,16643413.0,0.0233,0.0014,48.56104761904762,13.019047619047619
1732231370.0511081,2342.4285714285716,0.318,45.2,1.05,4.01,-81.6,16643413.0,0.0233,0.0014,52.18410317460317,13.013492063492064
1732231370.1009116,2351.4285714285716,0.33,45.0,1.79,6.5,-81.1,16708949.0,0.0233,0.0014,84.91269841269842,13.063492063492065
1732231370.151736,2373.0,0.325,45.2,0.64,2.66,-80.6,16514264.0,0.0233,0.0014,35.06766666666667,13.183333333333334
1732231370.2010067,2396.4285714285716,0.324,45.3,1.5,5.46,-81.6,16710732.0,0.0234,0.0014,72.69166666666666,13.313492063492065
1732231370.250924,2414.285714285714,0.33,45.3,1.58,5.68,-80.9,16710669.0,0.0234,0.0014,76.18412698412698,13.412698412698413
1732231370.3009079,2429.0,0.339,45.2,1.42,5.15,-80.8,16708949.0,0.0234,0.0014,69.49638888888889,13.494444444444444
1732231370.3518193,2446.1428571428573,0.338,45.2,0.67,2.64,-82.8,16514233.0,0.0234,0.0014,35.87676190476191,13.58968253968254
1732231370.401097,2469.0,0.334,45.3,1.59,5.68,-82.9,16579727.0,0.0234,0.0014,77.91066666666667,13.716666666666667
1732231370.4511943,2509.1428571428573,0.343,45.1,2.52,8.76,-82.4,16645305.0,0.0235,0.0014,122.11161904761904,13.93968253968254
1732231370.5009327,2530.1428571428573,0.351,45.3,1.12,3.12,-81.8,16710669.0,0.0235,0.0014,43.855809523809526,14.056349206349207
1732231370.5514627,2544.285714285714,0.363,45.3,0.67,2.57,-82.1,16579769.0,0.0235,0.0014,36.326746031746026,14.134920634920634
1732231370.601345,2649.4285714285716,0.358,45.2,3.92,11.83,-82.4,16579786.0,0.0235,0.0014,174.12633333333335,14.71904761904762
1732231370.651031,2667.285714285714,0.361,45.0,0.97,3.3,-82.6,16776268.0,0.0236,0.0014,48.900238095238095,14.818253968253968
1732231370.7012377,2672.5714285714284,0.372,45.2,1.69,5.49,-82.5,16645235.0,0.0236,0.0014,81.51342857142858,14.847619047619046
1732231370.7522,2690.714285714286,0.404,45.1,0.96,3.18,-83.0,16577877.0,0.0236,0.0014,47.53595238095238,14.9484126984127
1732231370.8510106,2813.714285714286,0.381,45.1,1.04,3.31,-82.8,16708949.0,0.0237,0.0014,51.74107936507937,15.631746031746031
1732231370.9009016,2811.285714285714,0.38,45.1,0.91,3.05,-82.2,16645133.0,0.0237,0.0014,47.6356746031746,15.618253968253969
1732231370.951796,2805.8571428571427,0.388,45.2,1.42,4.51,-82.1,16710732.0,0.0237,0.0014,70.30230952380951,15.588095238095237
1732231371.001406,2834.1428571428573,0.385,45.2,2.11,6.46,-82.0,16645263.0,0.0237,0.0014,101.71423809523809,15.745238095238097
1732231371.0509567,2919.0,0.405,45.2,5.07,14.1,-82.4,16643413.0,0.0238,0.0014,228.655,16.216666666666665
1732231371.1010475,2936.5714285714284,0.384,45.2,-1.5,-4.77,-82.7,16579660.0,0.0238,0.0014,-77.81914285714285,16.314285714285713
1732231371.153356,2900.0,0.395,45.1,1.82,5.2,-82.1,16710669.0,0.0238,0.0014,83.77777777777777,16.11111111111111
1732231371.2011714,2902.285714285714,0.395,45.3,1.72,5.21,-82.9,16710732.0,0.0239,0.0014,84.00504761904762,16.123809523809523
1732231371.2512152,2905.4285714285716,0.394,45.1,1.3,4.04,-82.9,16579727.0,0.0239,0.0014,65.21073015873017,16.141269841269843
1732231371.3521597,2369.285714285714,0.27,44.9,1.56,3.79,-82.9,16512341.0,0.0239,0.0016,49.886626984126984,13.162698412698413
1732231371.4011707,1988.0,0.256,45.2,-1.49,-14.45,-82.6,16579597.0,0.024,0.0016,-159.5922222222222,11.044444444444444
1732231371.4509633,1863.7142857142858,0.25,45.2,1.21,3.25,-81.8,16577877.0,0.024,0.0016,33.650396825396825,10.353968253968254
1732231371.501063,1928.857142857143,0.35,44.7,10.31,35.71,-81.5,16579597.0,0.0241,0.0016,382.6638253968254,10.715873015873017
1732231371.552392,2189.1428571428573,0.346,45.3,-1.12,-4.0,-82.7,16577877.0,0.0242,0.0016,-48.64761904761905,12.161904761904763
1732231371.6014185,2390.5714285714284,0.318,45.3,4.77,13.91,-81.8,16579800.0,0.0243,0.0017,184.73804761904762,13.28095238095238
1732231371.6511343,2460.1428571428573,0.338,45.1,2.52,7.9,-82.6,16579597.0,0.0243,0.0017,107.97293650793652,13.667460317460318
1732231371.7010481,2470.0,0.331,45.2,-0.33,-1.66,-81.9,16645305.0,0.0243,0.0017,-22.778888888888886,13.722222222222221
1732231371.752166,2455.8571428571427,0.333,45.2,1.1,4.02,-81.1,16579660.0,0.0243,0.0017,54.84747619047618,13.643650793650792
1732231371.8011682,2510.714285714286,0.34,45.2,2.52,8.55,-80.2,16514163.0,0.0243,0.0017,119.25892857142858,13.9484126984127
1732231371.8509555,2532.714285714286,0.345,45.2,1.37,4.33,-80.0,16577877.0,0.0244,0.0017,60.925849206349206,14.070634920634921
1732231371.900829,2572.714285714286,0.381,45.1,4.62,13.97,-79.6,16643413.0,0.0244,0.0017,199.67121428571429,14.292857142857143
1732231371.9517188,2648.5714285714284,0.354,45.3,-0.52,-1.44,-79.7,16579769.0,0.0244,0.0017,-21.188571428571425,14.714285714285714
1732231372.0012703,2634.4285714285716,0.355,45.2,0.72,2.13,-79.8,16645263.0,0.0244,0.0017,31.17407142857143,14.635714285714286
1732231372.051368,2628.285714285714,0.357,45.2,1.37,4.63,-79.1,16577877.0,0.0245,0.0017,67.6053492063492,14.601587301587301
1732231372.152219,2630.4285714285716,0.357,45.2,1.16,3.95,-79.1,16577877.0,0.0245,0.0017,57.72329365079366,14.613492063492064
1732231372.2012222,2630.285714285714,0.357,45.2,1.18,4.03,-79.7,16579660.0,0.0245,0.0017,58.8891746031746,14.612698412698412
1732231372.2509902,2630.4285714285716,0.357,45.3,1.2,4.08,-81.0,16643413.0,0.0245,0.0017,59.62304761904762,14.613492063492064
1732231372.301278,2630.714285714286,0.357,45.1,1.17,4.05,-82.0,16579800.0,0.0245,0.0017,59.191071428571426,14.615079365079366
1732231372.3517678,2630.5714285714284,0.363,45.3,1.21,4.09,-81.0,16579727.0,0.0246,0.0017,59.77242857142856,14.614285714285714
1732231372.4017773,2658.5714285714284,0.36,45.2,1.88,6.12,-80.8,16643413.0,0.0246,0.0017,90.39142857142856,14.769841269841269
1732231372.4508975,2678.714285714286,0.366,45.4,1.78,5.79,-80.2,16643413.0,0.0246,0.0017,86.16530952380953,14.881746031746031
1732231372.5519946,2680.1428571428573,0.363,45.2,1.23,4.09,-79.2,16577877.0,0.0246,0.0017,60.89880158730159,14.889682539682541
1732231372.6507287,2819.1428571428573,0.392,45.2,5.41,15.2,-81.6,16643413.0,0.0248,0.0017,238.0609523809524,15.661904761904763
1732231372.700937,2844.285714285714,0.38,45.4,-0.77,-2.83,-82.6,16710732.0,0.0248,0.0017,-44.718492063492064,15.8015873015873
1732231372.7519393,2827.285714285714,0.394,45.2,1.39,4.37,-83.3,16579727.0,0.0248,0.0017,68.6402142857143,15.707142857142857
1732231372.8008895,2882.8571428571427,0.395,45.3,2.7,7.77,-83.2,16643413.0,0.0248,0.0017,124.44333333333331,16.015873015873016
1732231372.8511326,2903.714285714286,0.394,45.2,1.79,5.47,-82.9,16643413.0,0.0248,0.0017,88.24065079365079,16.131746031746033
1732231372.9012656,2915.285714285714,0.404,45.0,1.89,5.63,-82.6,16645305.0,0.0249,0.0017,91.18365873015873,16.196031746031746
1732231372.952475,2932.4285714285716,0.442,45.2,1.07,3.23,-82.1,16708949.0,0.0249,0.0017,52.62080158730159,16.29126984126984
1732231373.0010087,3040.714285714286,0.41,45.1,4.04,10.91,-82.1,16643413.0,0.025,0.0017,184.30107142857145,16.892857142857142
1732231373.0508528,3032.1428571428573,0.407,45.2,0.5,1.0,-82.5,16579597.0,0.025,0.0017,16.845238095238095,16.845238095238095
1732231373.1011324,3033.4285714285716,0.421,45.0,2.59,7.32,-82.5,16645235.0,0.025,0.0017,123.35942857142858,16.852380952380955
1732231373.1516266,3054.714285714286,0.418,45.2,1.02,3.11,-82.5,16579727.0,0.025,0.0017,52.7786746031746,16.97063492063492
1732231373.2009497,3078.714285714286,0.416,45.2,2.04,5.78,-82.4,16776335.0,0.0251,0.0017,98.86093650793651,17.103968253968254
1732231373.2510538,3188.0,0.44,45.2,6.16,15.63,-82.3,16643413.0,0.0252,0.0017,276.8246666666667,17.711111111111112
1732231373.3010304,3213.4285714285716,0.429,45.5,-0.73,-2.33,-82.6,16774485.0,0.0252,0.0017,-41.596047619047624,17.852380952380955
1732231373.3515568,3196.4285714285716,0.433,45.3,1.62,4.52,-82.9,16577877.0,0.0252,0.0017,80.26587301587301,17.75793650793651
1732231373.4010315,3224.5714285714284,0.436,45.2,2.46,6.64,-83.1,16645286.0,0.0252,0.0017,118.95085714285713,17.914285714285715
1732231373.4511988,3223.4285714285716,0.435,45.1,1.28,3.63,-81.9,16579660.0,0.0252,0.0017,65.00580952380952,17.90793650793651
1732231373.5007956,3220.5714285714284,0.436,45.1,1.66,4.59,-81.3,16708949.0,0.0253,0.0017,82.12457142857141,17.892063492063492
1732231373.5513833,3221.0,0.436,45.0,1.63,4.52,-81.5,16710669.0,0.0253,0.0017,80.88288888888889,17.894444444444446
1732231373.6010966,3221.285714285714,0.436,45.2,1.59,4.42,-82.0,16776307.0,0.0253,0.0017,79.10046031746032,17.896031746031746
1732231373.6508434,3220.5714285714284,0.436,45.1,1.63,4.5,-82.3,16514214.0,0.0253,0.0017,80.5142857142857,17.892063492063492
1732231373.7515352,3250.5714285714284,0.438,45.1,1.11,3.2,-82.5,16643413.0,0.0254,0.0017,57.787936507936514,18.058730158730157
1732231373.801148,3245.714285714286,0.439,45.2,1.53,4.21,-82.5,16645336.0,0.0254,0.0017,75.9136507936508,18.03174603174603
1732231373.850837,3244.714285714286,0.44,45.1,1.69,4.64,-82.4,16645133.0,0.0254,0.0017,83.6415238095238,18.026190476190475
1732231373.9008303,3244.8571428571427,0.439,45.2,1.63,4.51,-81.8,16710669.0,0.0255,0.0017,81.3016984126984,18.026984126984125
1732231373.9516995,3244.714285714286,0.417,45.3,1.66,4.58,-81.5,16579769.0,0.0255,0.0017,82.55995238095238,18.026190476190475
1732231374.0010417,3100.5714285714284,0.423,44.9,-0.84,-4.35,-81.8,16645263.0,0.0255,0.0018,-74.93047619047618,17.225396825396825
1732231374.051274,3019.285714285714,0.405,45.0,0.0,-1.17,-82.4,16645133.0,0.0256,0.0018,-19.62535714285714,16.773809523809522
1732231374.1009629,3010.5714285714284,0.413,45.0,3.21,9.18,-82.3,16579597.0,0.0256,0.0018,153.53914285714285,16.725396825396825
1732231374.151424,3025.1428571428573,0.401,45.2,1.31,3.91,-82.0,16579769.0,0.0256,0.0018,65.71282539682541,16.806349206349207
1732231374.3008292,2847.0,0.385,45.2,2.78,8.23,-80.3,16577877.0,0.0257,0.0019,130.17116666666666,15.816666666666666
1732231374.3517861,2847.285714285714,0.35,45.2,1.75,5.41,-80.2,16579597.0,0.0258,0.0019,85.57675396825397,15.818253968253968
1732231374.4010127,2708.0,0.37,45.1,-0.86,-4.81,-80.4,16708949.0,0.0258,0.0019,-72.36377777777777,15.044444444444444
1732231374.4509122,2521.0,0.314,45.1,-2.71,-14.43,-79.9,16579727.0,0.0258,0.002,-202.10016666666667,14.005555555555556
1732231374.5008028,2449.4285714285716,0.345,45.1,4.31,15.17,-79.3,16643413.0,0.0259,0.002,206.43239682539684,13.60793650793651
1732231374.651062,2337.1428571428573,0.311,45.2,-0.67,-3.99,-80.1,16579727.0,0.0259,0.0021,-51.80666666666667,12.984126984126986
1732231374.7008224,2310.285714285714,0.311,45.1,1.78,6.25,-79.2,16645196.0,0.026,0.0021,80.21825396825396,12.834920634920634
1732231374.8011756,2139.8571428571427,0.293,45.2,-0.91,-6.65,-81.4,16645196.0,0.026,0.0021,-79.05583333333333,11.888095238095238
1732231374.8511138,2128.4285714285716,0.294,45.2,1.5,5.72,-81.5,16645133.0,0.026,0.0021,67.63673015873016,11.824603174603176
1732231374.9009514,2096.285714285714,0.251,45.2,-1.11,-6.22,-81.1,16577877.0,0.0261,0.0021,-72.43831746031745,11.646031746031746
1732231374.9517014,2020.142857142857,0.264,45.0,2.17,8.94,-81.3,16577877.0,0.0261,0.0021,100.3337619047619,11.223015873015873
1732231375.0010743,1843.2857142857142,0.254,45.2,-0.82,-7.41,-81.4,16579769.0,0.0261,0.0022,-75.88192857142857,10.24047619047619
1732231375.0509007,1833.857142857143,0.254,45.2,1.3,5.96,-82.1,16577877.0,0.0261,0.0022,60.72104761904762,10.188095238095238
1732231375.101362,1800.4285714285713,0.213,45.2,-0.96,-6.49,-81.5,16579699.0,0.0261,0.0022,-64.91545238095237,10.002380952380951
1732231375.2009866,1629.4285714285713,0.227,45.2,-0.21,-2.69,-83.3,16708949.0,0.0262,0.0022,-24.350904761904758,9.052380952380952
1732231375.2508724,1459.142857142857,0.174,45.1,-1.22,-13.83,-82.9,16579660.0,0.0262,0.0022,-112.11080952380952,8.106349206349206
1732231375.3009481,1387.2857142857142,0.191,45.3,1.8,10.96,-82.5,16577877.0,0.0262,0.0022,84.47028571428572,7.707142857142856
1732231375.4508383,1248.142857142857,0.176,45.2,0.67,4.1,-81.2,16577877.0,0.0263,0.0023,28.429920634920634,6.934126984126984
1732231375.5008032,1204.0,0.12,45.2,-0.67,-8.95,-81.0,16708949.0,0.0263,0.0023,-59.86555555555555,6.688888888888889
1732231375.5516975,1108.2857142857142,0.145,45.1,1.27,9.82,-81.5,16579727.0,0.0263,0.0023,60.463142857142856,6.157142857142857
1732231375.601056,987.2857142857143,0.141,45.2,-0.09,-4.2,-81.2,16643413.0,0.0263,0.0023,-23.03666666666667,5.484920634920635
1732231375.6512225,1003.5714285714286,0.145,45.3,0.75,6.31,-81.9,16645196.0,0.0263,0.0023,35.18075396825397,5.575396825396825
1732231375.8010473,842.8571428571429,0.12,45.2,-0.06,-4.66,-81.5,16514061.0,0.0263,0.0023,-21.82063492063492,4.682539682539683
1732231375.8508835,662.5714285714286,0.058,45.3,0.06,-14.52,-81.7,16579769.0,0.0263,0.0023,-53.44742857142857,3.6809523809523808
1732231375.9008126,572.1428571428571,0.095,45.2,1.09,20.22,-81.9,16643413.0,0.0264,0.0023,64.27071428571428,3.1785714285714284
1732231376.0510263,500.42857142857144,0.056,45.4,-0.04,-8.04,-81.1,16579750.0,0.0264,0.0023,-22.35247619047619,2.78015873015873
1732231376.1008205,416.14285714285717,0.022,45.3,0.53,7.56,-81.7,16643413.0,0.0264,0.0023,17.478,2.311904761904762
1732231376.2510788,225.42857142857142,0.03,45.3,0.27,14.79,-81.3,16643413.0,0.0264,0.0023,18.522714285714283,1.2523809523809524
1732231376.3008046,204.14285714285714,0.042,45.2,0.34,12.04,-81.7,16708949.0,0.0264,0.0023,13.654888888888888,1.134126984126984
1732231376.351503,223.71428571428572,0.0,45.2,0.08,4.11,-81.8,16645133.0,0.0264,0.0023,5.108142857142858,1.2428571428571429
1732231376.4009283,126.57142857142857,0.0,45.4,0.0,-7.11,-82.8,16776335.0,0.0264,0.0023,-4.9995714285714286,0.7031746031746031
1732231376.4512165,55.142857142857146,0.0,45.2,0.0,1.97,-82.3,16710799.0,0.0264,0.0023,0.6035079365079365,0.30634920634920637
1732231376.500833,24.142857142857142,0.0,45.2,0.0,1.14,-82.3,16710822.0,0.0264,0.0023,0.1529047619047619,0.13412698412698412
1732231376.6009388,4.571428571428571,0.0,45.0,0.0,1.1,-81.8,16645196.0,0.0264,0.0023,0.027936507936507936,0.025396825396825397
1732231376.651102,2.0,0.0,45.2,0.0,1.16,-81.9,16514124.0,0.0264,0.0023,0.012888888888888887,0.011111111111111112
1732231376.700816,0.8571428571428571,0.0,45.3,0.0,1.27,-81.1,16840021.0,0.0264,0.0023,0.006047619047619047,0.0047619047619047615
1732231376.750929,0.2857142857142857,0.0,45.3,0.0,1.13,-81.2,16579597.0,0.0264,0.0023,0.0017936507936507932,0.0015873015873015873
1732231376.801088,0.14285714285714285,0.0,45.2,0.0,1.21,-81.3,16645196.0,0.0264,0.0023,0.0009603174603174603,0.0007936507936507937
1732231376.850877,0.0,0.0,45.1,0.0,1.28,-83.4,16645133.0,0.0264,0.0023,0.0,0.0
1732231376.900852,0.0,0.0,45.1,0.0,1.24,-85.6,16645133.0,0.0264,0.0023,0.0,0.0
1732231376.9512289,0.0,0.0,45.2,0.0,1.17,-86.1,16710669.0,0.0264,0.0023,0.0,0.0
1732231377.00114,0.0,0.0,45.1,0.0,1.23,-84.8,16710669.0,0.0264,0.0023,0.0,0.0
1732231377.0507925,0.0,0.0,45.1,0.0,1.18,-83.2,16645133.0,0.0264,0.0023,0.0,0.0
1732231377.1517658,0.0,0.0,45.1,0.0,1.25,-81.5,16643413.0,0.0264,0.0023,0.0,0.0
1732231377.2009764,0.0,0.0,45.3,0.0,1.26,-82.1,16643413.0,0.0264,0.0023,0.0,0.0
1732231377.2513633,0.0,0.0,45.2,0.0,1.29,-83.0,16710732.0,0.0264,0.0023,0.0,0.0
1732231377.3009717,0.0,0.0,45.2,0.0,1.17,-83.2,16710771.0,0.0264,0.0023,0.0,0.0
1732231377.352025,0.0,0.0,45.5,0.0,1.17,-84.5,16645336.0,0.0264,0.0023,0.0,0.0
1732231377.401105,0.0,0.0,45.0,0.0,1.22,-84.0,16643413.0,0.0264,0.0023,0.0,0.0
1732231377.4509547,132.0,0.03,45.5,1.38,20.89,-82.9,16710732.0,0.0264,0.0023,15.319333333333333,0.7333333333333333
1732231377.5010793,177.28571428571428,0.036,45.4,-0.02,-4.48,-81.8,16841843.0,0.0264,0.0023,-4.412444444444445,0.9849206349206349
1732231377.5513353,187.85714285714286,0.0,45.3,0.04,1.58,-81.8,16708949.0,0.0264,0.0023,1.6489682539682542,1.0436507936507937
1732231377.6010768,115.71428571428571,0.0,45.3,0.0,-5.51,-81.6,16645133.0,0.0264,0.0023,-3.5421428571428564,0.6428571428571428
1732231377.6510198,54.285714285714285,0.0,45.4,0.0,1.69,-81.5,16710669.0,0.0264,0.0023,0.5096825396825396,0.30158730158730157
1732231377.70109,9.857142857142858,0.0,45.4,0.0,1.79,-81.0,16579597.0,0.0264,0.0023,0.09802380952380953,0.05476190476190476
1732231377.7517009,3.0,0.0,45.1,0.0,1.08,-81.8,16774485.0,0.0264,0.0023,0.018000000000000002,0.016666666666666666
1732231377.8012695,1.4285714285714286,0.0,45.2,0.0,1.09,-80.8,16514191.0,0.0264,0.0023,0.008650793650793652,0.007936507936507936
1732231377.8510618,0.5714285714285714,0.0,45.2,0.0,1.28,-81.1,16645133.0,0.0264,0.0023,0.004063492063492063,0.0031746031746031746
1732231377.9010296,0.2857142857142857,0.0,45.3,0.0,1.23,-81.1,16710669.0,0.0264,0.0023,0.0019523809523809524,0.0015873015873015873
1732231378.0013359,0.0,0.0,45.2,0.0,1.25,-80.9,16776335.0,0.0264,0.0023,0.0,0.0
1732231378.051457,0.0,0.0,45.3,0.0,1.2,-81.0,16645196.0,0.0264,0.0023,0.0,0.0
1732231378.104281,0.0,0.0,45.2,0.0,1.32,-81.2,16708949.0,0.0264,0.0023,0.0,0.0
1732231378.201031,0.0,0.0,45.1,0.0,1.16,-80.9,16643413.0,0.0264,0.0023,0.0,0.0
1732231378.2509758,0.0,0.0,45.1,0.0,1.17,-82.5,16514061.0,0.0264,0.0023,0.0,0.0
1732231378.3009577,0.0,0.0,45.2,0.0,1.31,-82.9,16645133.0,0.0264,0.0023,0.0,0.0
1732231378.3515074,0.0,0.0,45.3,0.0,1.23,-84.1,16645133.0,0.0264,0.0023,0.0,0.0
1732231378.4010284,0.0,0.0,45.2,0.0,1.23,-83.9,16645133.0,0.0264,0.0023,0.0,0.0
1732231378.4511976,0.0,0.0,45.4,0.0,1.22,-81.7,16776307.0,0.0264,0.0023,0.0,0.0
1732231378.5010517,0.0,0.0,45.2,0.0,1.21,-82.8,16645133.0,0.0264,0.0023,0.0,0.0
1732231378.6010394,0.0,0.0,45.1,0.0,1.13,-82.3,16645235.0,0.0264,0.0023,0.0,0.0
1732231378.6511757,0.0,0.0,45.3,0.0,1.26,-83.4,16776377.0,0.0264,0.0023,0.0,0.0
1732231378.7010143,0.0,0.0,45.1,0.0,1.19,-82.7,16776205.0,0.0264,0.0023,0.0,0.0
1732231378.751427,0.0,0.0,45.4,0.0,1.2,-84.7,16645196.0,0.0264,0.0023,0.0,0.0
1732231378.8012316,0.0,0.0,45.1,0.0,1.25,-84.2,16645133.0,0.0264,0.0023,0.0,0.0
1732231378.8510437,0.0,0.0,45.2,0.0,1.23,-83.7,16643413.0,0.0264,0.0023,0.0,0.0
1732231378.9010105,0.0,0.0,45.3,0.0,1.18,-82.7,16708949.0,0.0264,0.0023,0.0,0.0
1732231378.9516754,0.0,0.0,45.3,0.0,1.16,-82.6,16645235.0,0.0264,0.0023,0.0,0.0
1732231379.0012128,0.0,0.0,45.2,0.0,1.09,-82.5,16645133.0,0.0264,0.0023,0.0,0.0
1732231379.151461,0.0,0.0,45.0,0.0,1.24,-82.6,16579660.0,0.0264,0.0023,0.0,0.0
1732231379.2011755,0.0,0.0,45.2,0.0,1.22,-83.4,16645133.0,0.0264,0.0023,0.0,0.0
1732231379.2511125,0.0,0.0,45.1,0.0,1.22,-83.5,16645196.0,0.0264,0.0023,0.0,0.0
1732231379.3010514,0.0,0.0,45.2,0.0,1.16,-84.2,16645133.0,0.0264,0.0023,0.0,0.0
1732231379.3515236,0.0,0.0,45.3,0.0,1.08,-85.4,16643413.0,0.0264,0.0023,0.0,0.0
1732231379.4012897,0.0,0.0,45.1,0.0,1.21,-85.5,16643413.0,0.0264,0.0023,0.0,0.0
1732231379.4513292,0.0,0.0,45.2,0.0,1.11,-85.1,16645196.0,0.0264,0.0023,0.0,0.0
1732231379.5010371,0.0,0.0,45.2,0.0,1.1,-85.5,16841804.0,0.0264,0.0023,0.0,0.0
1732231379.551331,0.0,0.0,45.1,0.0,1.17,-85.8,16645133.0,0.0264,0.0023,0.0,0.0
1732231379.651077,0.0,0.0,45.5,0.0,1.23,-85.9,16708949.0,0.0264,0.0023,0.0,0.0
1732231379.7009912,0.0,0.0,45.1,0.0,1.2,-85.6,16710771.0,0.0264,0.0023,0.0,0.0
1732231379.7516792,0.0,0.0,45.2,0.0,1.28,-85.8,16514124.0,0.0264,0.0023,0.0,0.0
1732231379.8512027,0.0,0.0,45.1,0.0,1.21,-84.2,16776205.0,0.0264,0.0023,0.0,0.0
1732231379.9010606,0.0,0.0,45.1,0.0,1.15,-84.3,16645133.0,0.0264,0.0023,0.0,0.0
1732231380.0010188,0.0,0.0,45.1,0.0,1.14,-85.1,16512341.0,0.0264,0.0023,0.0,0.0
1732231380.051047,0.0,0.0,45.4,0.0,1.1,-85.6,16710822.0,0.0264,0.0023,0.0,0.0
1732231380.1010926,0.0,0.0,45.0,0.0,1.19,-85.6,16514061.0,0.0264,0.0023,0.0,0.0
1732231380.1516042,0.0,0.0,45.2,0.0,1.19,-86.3,16645133.0,0.0264,0.0023,0.0,0.0
1732231380.301028,0.0,0.0,45.1,0.0,1.2,-85.9,16645263.0,0.0264,0.0023,0.0,0.0
1732231380.3515248,0.0,0.0,45.1,0.0,1.08,-85.4,16643413.0,0.0264,0.0023,0.0,0.0
1732231380.500979,549.1428571428571,0.082,45.3,-0.5,-7.5,-84.0,16710732.0,0.0265,0.0023,-22.88095238095238,3.0507936507936506
1732231380.5516584,551.2857142857143,0.064,45.3,-0.34,-6.29,-83.5,16577877.0,0.0265,0.0023,-19.264373015873016,3.062698412698413
1732231380.6013165,518.2857142857143,0.075,45.1,0.35,14.22,-82.9,16645133.0,0.0265,0.0023,40.944571428571436,2.87936507936508
1732231380.651146,608.8571428571429,0.099,45.3,1.6,19.4,-82.6,16645133.0,0.0265,0.0023,65.62126984126984,3.3825396825396825
1732231380.7008305,702.1428571428571,0.136,45.2,1.33,8.84,-83.0,16774485.0,0.0265,0.0023,34.48301587301587,3.9007936507936507
1732231380.7515535,785.5714285714286,0.095,45.3,-0.42,-4.76,-81.3,16708949.0,0.0265,0.0023,-20.773999999999997,4.364285714285714
1732231380.8010478,758.7142857142857,0.108,45.2,0.12,1.27,-80.9,16710669.0,0.0265,0.0023,5.353150793650793,4.215079365079365
1732231380.8511167,756.1428571428571,0.109,45.2,0.28,3.2,-80.0,16645286.0,0.0265,0.0023,13.442539682539682,4.200793650793651
1732231380.9011276,758.0,0.107,45.4,0.19,2.39,-79.3,16776358.0,0.0265,0.0023,10.064555555555556,4.211111111111111
1732231380.951163,757.7142857142857,0.107,45.1,0.19,2.37,-78.9,16579597.0,0.0265,0.0023,9.976571428571429,4.20952380952381
1732231381.0009563,757.5714285714286,0.107,45.2,0.2,2.43,-79.3,16776205.0,0.0266,0.0023,10.227214285714286,4.208730158730159
1732231381.1008735,756.7142857142857,0.108,45.2,0.2,2.52,-78.8,16579727.0,0.0266,0.0023,10.594,4.203968253968254
1732231381.1513903,756.0,0.108,45.3,0.2,2.5,-78.2,16710799.0,0.0266,0.0023,10.5,4.2
1732231381.2011874,755.8571428571429,0.107,45.5,0.2,2.45,-77.6,16645263.0,0.0266,0.0023,10.288055555555557,4.199206349206349
1732231381.2510705,781.5714285714286,0.106,45.2,0.46,5.13,-79.5,16645305.0,0.0266,0.0023,22.274785714285713,4.342063492063492
1732231381.3007748,781.2857142857143,0.107,45.4,0.1,2.48,-80.4,16645305.0,0.0266,0.0023,10.764380952380954,4.340476190476191
1732231381.35157,778.1428571428571,0.148,45.2,0.26,2.92,-81.2,16645263.0,0.0266,0.0023,12.623206349206349,4.323015873015873
1732231381.4008617,923.1428571428571,0.119,45.3,1.69,10.92,-81.2,16577877.0,0.0266,0.0023,56.004,5.128571428571428
1732231381.4508715,1023.5714285714286,0.146,45.2,1.73,10.3,-82.4,16645196.0,0.0266,0.0023,58.57103174603175,5.686507936507937
1732231381.5007868,1080.4285714285713,0.178,45.2,1.24,6.54,-82.9,16710799.0,0.0267,0.0024,39.25557142857143,6.0023809523809515
1732231381.551455,1142.0,0.161,45.2,-0.32,-2.51,-82.6,16774485.0,0.0267,0.0024,-15.924555555555553,6.344444444444444
1732231381.60095,1238.4285714285713,0.164,45.2,1.61,8.97,-82.1,16710841.0,0.0267,0.0024,61.715023809523814,6.88015873015873
1732231381.6508281,1338.4285714285713,0.19,45.3,2.36,11.73,-81.0,16776268.0,0.0267,0.0024,87.22092857142857,7.435714285714285
1732231381.7008111,1398.7142857142858,0.22,45.1,1.5,6.57,-81.0,16710771.0,0.0268,0.0024,51.053071428571435,7.770634920634921
1732231381.8009977,1585.857142857143,0.209,45.3,2.46,10.93,-82.1,16776358.0,0.0268,0.0024,96.29676984126984,8.81031746031746
1732231381.8509622,1593.2857142857142,0.217,45.3,0.42,2.32,-82.9,16645133.0,0.0268,0.0024,20.535682539682536,8.851587301587301
1732231381.9009037,1631.2857142857142,0.255,45.1,2.88,13.03,-82.4,16645133.0,0.0269,0.0024,118.0869603174603,9.062698412698412
1732231382.051057,1710.5714285714287,0.233,45.1,0.55,3.0,-82.0,16710771.0,0.0269,0.0024,28.509523809523813,9.503174603174603
1732231382.100913,1719.142857142857,0.245,45.1,1.24,6.12,-82.9,16645263.0,0.0269,0.0024,58.45085714285714,9.55079365079365
1732231382.1517873,1739.857142857143,0.236,45.2,0.35,2.13,-82.9,16708949.0,0.0269,0.0024,20.588309523809524,9.665873015873016
1732231382.200818,1848.2857142857142,0.248,45.2,2.47,10.04,-82.6,16579769.0,0.027,0.0024,103.09326984126983,10.268253968253967
1732231382.3008475,1970.142857142857,0.263,45.2,-0.66,-3.58,-82.7,16643413.0,0.027,0.0024,-39.18395238095238,10.945238095238095
1732231382.3514578,1952.5714285714287,0.267,45.2,0.86,3.94,-82.4,16710732.0,0.027,0.0024,42.73961904761905,10.847619047619048
1732231382.450897,2082.0,0.283,45.2,0.7,3.01,-82.3,16643413.0,0.0271,0.0024,34.815666666666665,11.566666666666666
1732231382.5006676,2079.0,0.282,45.2,0.58,2.68,-82.2,16645196.0,0.0271,0.0024,30.954,11.55
1732231382.55148,2075.714285714286,0.302,45.2,0.87,3.78,-82.6,16645263.0,0.0271,0.0024,43.589999999999996,11.531746031746032
1732231382.6012309,2217.8571428571427,0.297,45.1,3.63,12.29,-81.7,16645336.0,0.0272,0.0024,151.43035714285713,12.321428571428571
1732231382.701043,2239.1428571428573,0.336,45.2,4.32,14.89,-81.5,16776377.0,0.0272,0.0025,185.22687301587305,12.43968253968254
1732231382.7518206,2315.5714285714284,0.311,45.1,-0.56,-1.93,-81.4,16708949.0,0.0272,0.0025,-24.828071428571427,12.864285714285714
1732231382.8010476,2327.285714285714,0.314,45.1,1.23,4.9,-80.9,16774485.0,0.0273,0.0025,63.353888888888896,12.929365079365079
1732231382.8507776,2431.5714285714284,0.34,45.2,4.78,15.37,-81.2,16579699.0,0.0273,0.0025,207.62918253968252,13.508730158730158
1732231382.951289,2442.0,0.331,45.1,1.1,4.01,-81.7,16710669.0,0.0274,0.0025,54.40233333333333,13.566666666666666
1732231383.0011225,2582.714285714286,0.347,45.3,4.35,13.06,-82.4,16645336.0,0.0274,0.0025,187.39026984126986,14.348412698412698
1732231383.0510688,2597.1428571428573,0.351,45.2,0.75,2.7,-81.8,16710822.0,0.0275,0.0025,38.95714285714286,14.428571428571429
1732231383.1515543,2706.1428571428573,0.361,45.2,-0.52,-1.46,-81.7,16643413.0,0.0275,0.0025,-21.949825396825396,15.034126984126985
1732231383.2010028,2689.5714285714284,0.364,45.1,0.95,2.83,-81.6,16645235.0,0.0275,0.0025,42.28603968253968,14.942063492063491
1732231383.250807,2730.5714285714284,0.373,45.2,3.06,9.73,-81.7,16710732.0,0.0276,0.0025,147.60255555555554,15.16984126984127
1732231383.3513029,2735.1428571428573,0.379,45.5,1.28,4.18,-82.1,16645305.0,0.0276,0.0025,63.51609523809523,15.195238095238096
1732231383.4013114,2763.5714285714284,0.373,45.1,1.95,6.13,-82.5,16577877.0,0.0276,0.0025,94.1149603174603,15.353174603174603
1732231383.451109,2783.5714285714284,0.38,45.2,1.85,5.81,-81.8,16708949.0,0.0277,0.0025,89.84749999999998,15.464285714285714
1732231383.5008948,2829.714285714286,0.413,45.1,4.85,13.54,-81.2,16776205.0,0.0277,0.0025,212.85739682539682,15.720634920634922
1732231383.5517168,2900.285714285714,0.388,45.1,-0.55,-1.45,-80.3,16645196.0,0.0277,0.0025,-23.363412698412695,16.112698412698414
1732231383.6009738,2912.4285714285716,0.392,45.3,1.76,5.12,-80.3,16776335.0,0.0278,0.0025,82.8424126984127,16.18015873015873
1732231383.751665,2930.285714285714,0.401,45.1,1.4,4.28,-81.3,16710799.0,0.0278,0.0025,69.67568253968254,16.27936507936508
1732231383.8514762,2956.8571428571427,0.399,45.3,1.1,3.39,-82.4,16643413.0,0.0279,0.0025,55.68747619047619,16.426984126984127
1732231383.9008253,2954.0,0.4,45.3,1.45,4.37,-82.5,16774485.0,0.0279,0.0025,71.71655555555556,16.41111111111111
1732231383.9521625,2954.285714285714,0.4,45.2,1.41,4.24,-83.3,16708949.0,0.0279,0.0025,69.58984126984127,16.41269841269841
1732231384.2010188,2982.0,0.403,45.1,2.07,6.06,-81.3,16774485.0,0.028,0.0025,100.39399999999999,16.566666666666666
1732231384.2508612,2979.714285714286,0.402,45.0,1.13,3.49,-81.9,16577877.0,0.0281,0.0025,57.77334920634921,16.553968253968254
1732231384.300902,3028.285714285714,0.447,45.0,6.91,17.77,-83.0,16645305.0,0.0282,0.0025,298.95909523809524,16.823809523809523
1732231384.3514373,3123.5714285714284,0.416,45.3,-1.09,-2.79,-82.6,16643413.0,0.0282,0.0025,-48.41535714285714,17.3531746031746
1732231384.4010673,3244.714285714286,0.434,45.2,4.85,11.97,-81.9,16774485.0,0.0283,0.0026,215.7735,18.026190476190475
1732231384.4508066,3253.4285714285716,0.439,45.1,1.41,3.82,-82.1,16774485.0,0.0283,0.0026,69.04498412698413,18.074603174603176
1732231384.5008297,3259.0,0.45,45.0,2.33,6.2,-82.6,16643413.0,0.0283,0.0026,112.25444444444445,18.105555555555554
1732231384.5512805,3276.8571428571427,0.479,45.1,1.26,3.48,-82.1,16708949.0,0.0283,0.0026,63.35257142857142,18.204761904761902
1732231384.600706,3486.0,0.471,45.2,8.36,18.74,-82.2,16776377.0,0.0285,0.0026,362.93133333333327,19.366666666666667
1732231384.6509259,3529.285714285714,0.476,45.4,1.57,3.96,-82.4,16710669.0,0.0285,0.0026,77.64428571428572,19.607142857142858
1732231384.7008264,3566.1428571428573,0.509,45.0,6.01,13.23,-81.7,16643413.0,0.0286,0.0026,262.11150000000004,19.811904761904763
1732231384.7513201,3632.285714285714,0.488,45.1,-0.34,-0.91,-81.0,16645349.0,0.0286,0.0026,-18.363222222222223,20.17936507936508
1732231384.8009622,3618.0,0.488,45.3,1.65,4.07,-81.1,16708949.0,0.0286,0.0026,81.807,20.1
1732231384.851187,3635.714285714286,0.495,45.2,3.25,7.69,-81.7,16577877.0,0.0287,0.0026,155.32579365079366,20.1984126984127
1732231384.9009733,3652.0,0.503,45.0,2.63,6.23,-81.2,16776205.0,0.0287,0.0026,126.3997777777778,20.288888888888888
1732231384.9516733,3669.285714285714,0.511,45.2,1.43,3.54,-81.3,16776268.0,0.0287,0.0026,72.16261904761905,20.384920634920636
1732231385.0013447,3774.0,0.51,45.2,5.88,12.83,-80.8,16708949.0,0.0288,0.0026,269.0023333333333,20.966666666666665
1732231385.1009178,3768.5714285714284,0.52,45.0,3.58,8.12,-82.0,16643413.0,0.0289,0.0026,170.00444444444443,20.936507936507937
1732231385.151841,3790.1428571428573,0.511,45.1,1.73,4.09,-82.3,16645349.0,0.0289,0.0026,86.12046825396826,21.056349206349207
1732231385.2012117,3921.714285714286,0.53,45.2,7.34,15.25,-82.9,16710771.0,0.029,0.0026,332.25634920634917,21.787301587301588
1732231385.2510884,3941.1428571428573,0.532,45.2,1.66,3.5,-82.6,16710799.0,0.0291,0.0026,76.63333333333334,21.895238095238096
1732231385.3009944,3980.5714285714284,0.572,44.9,9.53,19.07,-82.8,16645305.0,0.0292,0.0026,421.7194285714286,22.114285714285714
1732231385.351084,4074.714285714286,0.546,45.0,-0.66,-1.02,-82.7,16776394.0,0.0292,0.0026,-23.090047619047617,22.637301587301586
1732231385.4015906,4059.5714285714284,0.547,45.1,1.69,3.44,-81.5,16776205.0,0.0292,0.0026,77.58292063492063,22.553174603174604
1732231385.4510798,4071.8571428571427,0.556,45.1,4.29,9.04,-82.6,16840021.0,0.0293,0.0026,204.49771428571427,22.62142857142857
1732231385.500988,4081.8571428571427,0.551,45.0,2.0,4.42,-83.0,16710799.0,0.0293,0.0026,100.23226984126983,22.676984126984127
1732231385.5516512,4078.1428571428573,0.558,45.0,2.55,5.51,-83.7,16710799.0,0.0293,0.0026,124.83648412698413,22.65634920634921
1732231385.6013873,4105.285714285715,0.556,45.2,3.71,7.83,-83.1,16645322.0,0.0294,0.0026,178.5799285714286,22.80714285714286
1732231385.6511858,4105.285714285715,0.555,45.1,2.12,4.63,-82.9,16710799.0,0.0294,0.0026,105.59707142857143,22.80714285714286
1732231385.7010932,4147.285714285715,0.595,44.9,10.73,20.71,-82.8,16774485.0,0.0296,0.0026,477.16826190476195,23.04047619047619
1732231385.7515252,4247.571428571428,0.569,45.2,-0.89,-1.4,-82.0,16643413.0,0.0296,0.0027,-33.03666666666666,23.597619047619048
1732231385.8010561,4232.0,0.569,45.1,1.66,3.22,-81.7,16708949.0,0.0296,0.0027,75.70577777777778,23.511111111111113
1732231385.8511324,4243.571428571428,0.577,45.0,4.45,9.02,-82.2,16708949.0,0.0297,0.0027,212.65007936507936,23.575396825396826
1732231385.9009655,4252.571428571428,0.574,45.1,2.14,4.54,-82.8,16645286.0,0.0297,0.0027,107.25930158730158,23.625396825396823
1732231385.9516423,4249.0,0.58,45.0,2.72,5.67,-82.6,16776205.0,0.0297,0.0027,133.84349999999998,23.605555555555554
1732231386.0013845,4276.0,0.578,45.1,3.97,8.0,-82.4,16645263.0,0.0298,0.0027,190.04444444444445,23.755555555555556
1732231386.0508769,4276.285714285715,0.578,45.0,2.27,4.74,-84.2,16645305.0,0.0298,0.0027,112.60885714285715,23.75714285714286
1732231386.1009305,4316.0,0.618,44.8,11.15,20.7,-83.6,16643413.0,0.0299,0.0027,496.34,23.977777777777778
1732231386.1515422,4417.857142857143,0.598,45.4,-0.8,-1.05,-83.2,16776205.0,0.03,0.0027,-25.77083333333334,24.543650793650794
1732231386.2014544,4431.0,0.596,45.3,2.88,5.66,-82.6,16710799.0,0.03,0.0027,139.33033333333333,24.616666666666667
1732231386.2509284,4588.714285714285,0.646,45.3,16.39,28.96,-81.5,16577877.0,0.0303,0.0027,738.2731428571428,25.49285714285714
1732231386.3011692,4706.0,0.659,45.0,4.61,7.72,-82.2,16708949.0,0.0303,0.0027,201.8351111111111,26.144444444444446
1732231386.351371,4763.714285714285,0.675,45.1,-0.86,-1.7,-81.3,16645263.0,0.0303,0.0027,-44.99063492063492,26.46507936507936
1732231386.4013565,4948.285714285715,0.672,45.1,13.53,22.62,-80.5,16645133.0,0.0306,0.0027,621.8345714285715,27.490476190476194
1732231386.4509077,5087.714285714285,0.703,45.3,12.77,20.59,-79.9,16643413.0,0.0308,0.0028,581.9779841269841,28.265079365079362
1732231386.5008082,5156.0,0.716,44.9,5.27,7.98,-79.5,16710669.0,0.0308,0.0028,228.58266666666668,28.644444444444446
1732231386.6011128,5181.571428571428,0.705,45.1,4.04,6.77,-82.4,16643413.0,0.0309,0.0028,194.88465873015872,28.786507936507935
1732231386.652113,5178.285714285715,0.705,45.0,4.65,7.76,-82.2,16708949.0,0.031,0.0028,223.2416507936508,28.76825396825397
1732231386.7011087,5094.142857142857,0.497,47.0,-13.62,-30.18,-82.6,16645336.0,0.031,0.0029,-854.1179523809524,28.30079365079365
1732231386.751613,4053.4285714285716,0.376,44.8,-19.3,-57.28,-82.2,16841871.0,0.031,0.0033,-1289.8910476190476,22.51904761904762
1732231386.8010037,2953.1428571428573,0.291,45.0,-7.84,-41.24,-80.8,16774485.0,0.0311,0.0034,-676.5978412698413,16.40634920634921
1732231386.8509853,2333.285714285714,0.226,45.1,-0.13,-14.48,-81.3,16776268.0,0.0311,0.0035,-187.699873015873,12.962698412698412
1732231386.9010193,2090.714285714286,0.302,45.1,6.91,29.83,-81.7,16577877.0,0.0312,0.0035,346.47781746031745,11.615079365079366
1732231386.951407,2154.8571428571427,0.301,45.2,2.19,8.62,-82.2,16708949.0,0.0313,0.0035,103.19371428571426,11.97142857142857
1732231387.0010114,2179.1428571428573,0.294,45.1,0.34,1.68,-82.6,16774485.0,0.0313,0.0035,20.33866666666667,12.106349206349208
1732231387.0509498,2177.0,0.297,45.4,0.82,3.45,-82.4,16774485.0,0.0313,0.0035,41.725833333333334,12.094444444444445
1732231387.1009483,2169.8571428571427,0.289,45.3,0.23,0.54,-82.7,16645133.0,0.0313,0.0035,6.509571428571428,12.054761904761904
1732231387.1517274,2151.8571428571427,0.296,45.3,1.34,5.49,-81.9,16774485.0,0.0313,0.0035,65.63164285714285,11.954761904761904
1732231387.201333,2160.0,0.295,45.2,1.03,4.22,-82.1,16776377.0,0.0313,0.0035,50.63999999999999,12.0
1732231387.3513508,2199.4285714285716,0.298,45.1,0.58,2.65,-82.0,16774485.0,0.0314,0.0035,32.380476190476195,12.21904761904762
1732231387.4012244,2168.714285714286,0.296,45.2,0.31,0.82,-81.3,16710799.0,0.0314,0.0035,9.879698412698412,12.0484126984127
1732231387.4511335,2005.2857142857142,0.24,45.1,-2.76,-17.9,-81.1,16710822.0,0.0314,0.0036,-199.4145238095238,11.14047619047619
1732231387.5010393,1871.7142857142858,0.219,45.3,0.85,1.51,-81.6,16645372.0,0.0314,0.0036,15.701603174603177,10.398412698412699
1732231387.5514567,1801.857142857143,0.237,45.1,2.53,11.75,-82.0,16776268.0,0.0314,0.0036,117.62123015873016,10.010317460317461
1732231387.6013806,1691.142857142857,0.234,45.0,-0.56,-5.14,-81.3,16774485.0,0.0315,0.0036,-48.2915238095238,9.395238095238096
1732231387.6510787,1618.2857142857142,0.214,45.2,-0.26,-3.44,-81.0,16710822.0,0.0315,0.0036,-30.927238095238096,8.99047619047619
1732231387.7009768,1567.5714285714287,0.179,45.3,0.03,-1.83,-81.0,16973041.0,0.0315,0.0036,-15.936976190476193,8.708730158730159
1732231387.7523263,1499.4285714285713,0.191,45.2,1.5,8.2,-81.6,16645322.0,0.0315,0.0036,68.30730158730157,8.330158730158729
1732231387.8013504,1379.857142857143,0.192,45.0,-0.44,-5.84,-81.1,16645133.0,0.0315,0.0037,-44.76869841269841,7.665873015873016
1732231387.8512385,1263.5714285714287,0.16,45.2,-0.47,-7.65,-81.7,16840021.0,0.0315,0.0037,-53.70178571428572,7.019841269841271
1732231387.9517791,1226.5714285714287,0.151,45.3,0.65,4.67,-81.9,16645286.0,0.0316,0.0037,31.822714285714287,6.814285714285715
1732231388.0010014,1095.857142857143,0.152,45.2,-0.44,-7.17,-82.3,16774485.0,0.0316,0.0037,-43.65164285714286,6.088095238095239
1732231388.0509236,945.5714285714286,0.106,45.2,-0.32,-12.46,-82.3,16776307.0,0.0316,0.0037,-65.45455555555556,5.253174603174603
1732231388.151744,767.1428571428571,0.074,45.3,0.89,10.13,-82.9,16776335.0,0.0316,0.0037,43.17309523809524,4.261904761904762
1732231388.2511547,508.57142857142856,0.063,45.3,0.33,-0.25,-82.9,16710885.0,0.0316,0.0037,-0.7063492063492063,2.825396825396825
1732231388.3009887,448.2857142857143,0.043,45.1,0.48,4.25,-82.5,16776205.0,0.0316,0.0037,10.58452380952381,2.4904761904761905
1732231388.3517733,393.7142857142857,0.069,45.3,0.55,15.07,-82.3,16841843.0,0.0316,0.0037,32.96263492063492,2.1873015873015875
1732231388.4011674,421.2857142857143,0.054,45.1,0.39,13.85,-81.9,16774485.0,0.0316,0.0037,32.415595238095236,2.3404761904761906
1732231388.4509406,410.0,0.05,45.2,0.14,5.79,-81.5,16710771.0,0.0316,0.0037,13.188333333333334,2.2777777777777777
1732231388.500976,353.2857142857143,0.005,45.3,0.5,19.57,-81.2,16776307.0,0.0317,0.0037,38.41000793650794,1.9626984126984126
1732231388.5514343,240.71428571428572,0.023,45.3,0.34,11.53,-80.7,16776205.0,0.0317,0.0037,15.419087301587302,1.3373015873015874
1732231388.6010873,141.0,0.035,45.3,0.24,12.6,-81.0,16774485.0,0.0317,0.0037,9.87,0.7833333333333333
1732231388.6510508,113.42857142857143,0.0,45.2,0.08,-1.39,-80.7,16645133.0,0.0317,0.0037,-0.8759206349206349,0.6301587301587301
1732231388.7016554,49.42857142857143,0.0,45.3,0.0,1.25,-80.9,16776205.0,0.0317,0.0037,0.3432539682539683,0.2746031746031746
1732231388.7518334,21.571428571428573,0.0,45.2,0.0,1.53,-80.2,16645133.0,0.0317,0.0037,0.18335714285714286,0.11984126984126985
1732231388.8008232,9.571428571428571,0.0,45.2,0.0,1.39,-79.9,16710669.0,0.0317,0.0037,0.0739126984126984,0.05317460317460317
1732231388.851134,4.142857142857143,0.0,45.2,0.0,1.25,-79.3,16776205.0,0.0317,0.0037,0.02876984126984127,0.023015873015873017
1732231388.901161,1.8571428571428572,0.0,45.2,0.0,1.32,-78.9,16710669.0,0.0317,0.0037,0.01361904761904762,0.010317460317460317
1732231389.001265,0.2857142857142857,0.0,45.1,0.0,1.26,-78.8,16776205.0,0.0317,0.0037,0.002,0.0015873015873015873
1732231389.0507855,0.14285714285714285,0.0,45.1,0.0,1.24,-78.6,16645305.0,0.0317,0.0037,0.000984126984126984,0.0007936507936507937
1732231389.1514173,0.0,0.0,45.2,0.0,1.36,-77.5,16710732.0,0.0317,0.0037,0.0,0.0
1732231389.2009797,0.0,0.0,45.2,0.0,1.34,-78.0,16710732.0,0.0317,0.0037,0.0,0.0
1732231389.2509403,0.0,0.0,45.3,0.0,1.17,-78.1,16841913.0,0.0317,0.0037,0.0,0.0
1732231389.3515437,0.0,0.0,45.3,0.0,1.32,-77.8,16710771.0,0.0317,0.0037,0.0,0.0
1732231389.4009018,0.0,0.0,45.2,0.0,1.33,-77.2,16776268.0,0.0317,0.0037,0.0,0.0
1732231389.451321,0.0,0.0,45.2,0.0,1.37,-77.6,16776377.0,0.0317,0.0037,0.0,0.0
1732231389.5011182,0.0,0.0,45.1,0.0,1.3,-77.3,16776268.0,0.0317,0.0037,0.0,0.0
1732231389.5515525,0.0,0.0,45.2,0.0,1.32,-77.4,16710732.0,0.0317,0.0037,0.0,0.0
1732231389.601086,0.0,0.0,45.2,0.0,1.25,-77.5,16774485.0,0.0317,0.0037,0.0,0.0
1732231389.6509879,0.0,0.0,45.3,0.0,1.27,-77.7,16776335.0,0.0317,0.0037,0.0,0.0
1732231389.7011652,0.0,0.0,45.2,0.0,1.29,-77.9,16708949.0,0.0317,0.0037,0.0,0.0
1732231389.7514045,0.0,0.0,45.2,0.0,1.42,-77.8,16841843.0,0.0317,0.0037,0.0,0.0
1732231389.8509812,0.0,0.0,45.1,0.0,1.38,-78.5,16776408.0,0.0317,0.0037,0.0,0.0
1732231389.9012756,0.0,0.0,45.4,0.0,1.22,-79.4,16776377.0,0.0317,0.0037,0.0,0.0
1732231389.9513586,0.0,0.0,45.2,0.0,1.43,-79.7,16645235.0,0.0317,0.0037,0.0,0.0
1732231390.000906,0.0,0.0,45.1,0.0,1.31,-79.9,16710841.0,0.0317,0.0037,0.0,0.0
1732231390.0509727,0.0,0.0,45.3,0.0,1.43,-79.9,16776377.0,0.0317,0.0037,0.0,0.0
1732231390.1013303,0.0,0.0,45.2,0.0,1.36,-79.7,16774485.0,0.0317,0.0037,0.0,0.0
1732231390.1514947,0.0,0.0,45.5,0.0,1.35,-79.3,16645305.0,0.0317,0.0037,0.0,0.0
1732231390.2012854,0.0,0.0,45.2,0.0,1.41,-79.9,16645235.0,0.0317,0.0037,0.0,0.0
1732231390.2509093,0.0,0.0,45.3,0.0,1.31,-80.3,16841930.0,0.0317,0.0037,0.0,0.0
1732231390.3512995,0.0,0.0,45.1,0.0,1.38,-79.4,16774485.0,0.0317,0.0037,0.0,0.0
1732231390.4007537,0.0,0.0,45.2,0.0,1.32,-78.6,16710841.0,0.0317,0.0037,0.0,0.0
1732231390.5013285,0.0,0.0,45.2,0.0,1.36,-79.5,16776268.0,0.0317,0.0037,0.0,0.0
1732231390.5514257,0.0,0.0,45.2,0.0,1.33,-79.4,16708949.0,0.0317,0.0037,0.0,0.0
1732231390.6008086,0.0,0.0,45.3,0.0,1.33,-79.0,16710858.0,0.0317,0.0037,0.0,0.0
1732231390.650961,0.0,0.0,45.1,0.0,1.37,-79.1,16645133.0,0.0317,0.0037,0.0,0.0
1732231390.7008693,0.0,0.0,45.3,0.0,1.33,-79.4,16774485.0,0.0317,0.0037,0.0,0.0
1732231390.751403,0.0,0.0,45.3,0.0,1.43,-80.1,16776377.0,0.0317,0.0037,0.0,0.0
1732231390.8510904,0.0,0.0,45.2,0.0,1.36,-78.9,16776358.0,0.0317,0.0037,0.0,0.0
1732231390.9011955,0.0,0.0,45.2,0.0,1.32,-78.5,16708949.0,0.0317,0.0037,0.0,0.0
1732231391.0508466,0.0,0.0,45.3,0.0,1.34,-78.3,16645196.0,0.0317,0.0037,0.0,0.0
1732231391.1511989,0.0,0.0,45.2,0.0,1.32,-78.2,16645196.0,0.0317,0.0037,0.0,0.0
1732231391.200823,0.0,0.0,45.2,0.0,1.36,-77.8,16710858.0,0.0317,0.0037,0.0,0.0
1732231391.2510812,0.0,0.0,45.1,0.0,1.35,-78.2,16774485.0,0.0317,0.0037,0.0,0.0
1732231391.300949,0.0,0.0,45.1,0.0,1.23,-78.7,16708949.0,0.0317,0.0037,0.0,0.0
1732231391.3516479,0.0,0.0,45.3,0.0,1.28,-78.6,16708949.0,0.0317,0.0037,0.0,0.0
1732231391.4510849,0.0,0.0,45.0,0.0,1.41,-78.7,16776358.0,0.0317,0.0037,0.0,0.0
1732231391.501018,0.0,0.0,45.2,0.0,1.41,-78.8,16774485.0,0.0317,0.0037,0.0,0.0
1732231391.5512033,0.0,0.0,45.2,0.0,1.42,-80.9,16710732.0,0.0317,0.0037,0.0,0.0
1732231391.6011407,0.0,0.0,45.2,0.0,1.46,-82.0,16708949.0,0.0317,0.0037,0.0,0.0
1732231391.6510015,0.0,0.0,45.1,0.0,1.42,-82.6,16776394.0,0.0317,0.0037,0.0,0.0
1732231391.701194,0.0,0.0,45.3,0.0,1.47,-82.3,16645305.0,0.0317,0.0037,0.0,0.0
1732231391.751087,0.0,0.0,45.2,0.0,1.5,-82.3,16776377.0,0.0317,0.0037,0.0,0.0
1732231391.8007114,0.0,0.0,45.1,0.0,1.41,-81.3,16776377.0,0.0317,0.0037,0.0,0.0
1732231391.851049,0.0,0.0,45.2,0.0,1.47,-81.3,16972915.0,0.0317,0.0037,0.0,0.0
1732231392.0011842,0.0,0.0,45.1,0.0,1.41,-82.7,16708949.0,0.0317,0.0037,0.0,0.0
1732231392.0509386,0.0,0.0,45.2,0.0,1.39,-82.4,16776377.0,0.0317,0.0037,0.0,0.0
1732231392.1007702,0.0,0.0,45.4,0.0,1.42,-82.8,16774485.0,0.0317,0.0037,0.0,0.0
1732231392.1512585,0.0,0.0,45.3,0.0,1.44,-83.1,16776268.0,0.0317,0.0037,0.0,0.0
1732231392.2009635,0.0,0.0,45.2,0.0,1.43,-82.4,16645322.0,0.0317,0.0037,0.0,0.0
1732231392.2507768,0.0,0.0,45.1,0.0,1.35,-81.0,16577877.0,0.0317,0.0037,0.0,0.0
1732231392.3009634,0.0,0.0,45.3,0.0,1.31,-80.8,16645235.0,0.0317,0.0037,0.0,0.0
1732231392.3516471,0.0,0.0,45.4,0.0,1.34,-79.0,16645235.0,0.0317,0.0037,0.0,0.0
1732231392.40086,0.0,0.0,45.2,0.0,1.25,-78.6,16708949.0,0.0317,0.0037,0.0,0.0
1732231392.4510798,0.0,0.0,45.2,0.0,1.22,-78.2,16776394.0,0.0317,0.0037,0.0,0.0
1732231392.5010068,0.0,0.0,45.1,0.0,1.36,-78.2,16840021.0,0.0317,0.0037,0.0,0.0
1732231392.5514987,0.0,0.0,45.3,0.0,1.47,-80.3,16840021.0,0.0317,0.0037,0.0,0.0
1732231392.6008341,0.0,0.0,45.1,0.0,1.31,-79.5,16710872.0,0.0317,0.0037,0.0,0.0
1732231392.6510022,0.0,0.0,45.3,0.0,1.23,-78.8,16776268.0,0.0317,0.0037,0.0,0.0
1732231392.7008238,0.0,0.0,45.1,0.0,1.27,-78.4,16776377.0,0.0317,0.0037,0.0,0.0
1732231392.800865,0.0,0.0,45.2,0.0,1.29,-78.6,16710822.0,0.0317,0.0037,0.0,0.0
1732231392.8511827,0.0,0.0,45.1,0.0,1.32,-78.6,16841930.0,0.0317,0.0037,0.0,0.0
1732231392.9010363,0.0,0.0,45.3,0.0,1.38,-79.3,16907466.0,0.0317,0.0037,0.0,0.0
1732231392.9521902,0.0,0.0,45.1,0.0,1.3,-79.5,16776444.0,0.0317,0.0037,0.0,0.0
1732231393.0009227,0.0,0.0,45.1,0.0,1.38,-79.8,16710822.0,0.0317,0.0037,0.0,0.0
1732231393.051402,0.0,0.0,45.3,0.0,1.4,-79.2,16776394.0,0.0317,0.0037,0.0,0.0
1732231393.1517887,0.0,0.0,45.2,0.0,1.3,-79.9,16710732.0,0.0317,0.0037,0.0,0.0
1732231393.2009394,0.0,0.0,45.1,0.0,1.33,-78.6,16774485.0,0.0317,0.0037,0.0,0.0
1732231393.2512014,214.42857142857142,0.089,45.2,3.34,37.2,-79.6,16841894.0,0.0317,0.0037,44.315238095238094,1.1912698412698413
1732231393.30096,455.2857142857143,0.136,45.2,2.08,11.63,-80.9,16577877.0,0.0317,0.0037,29.416515873015875,2.5293650793650793
1732231393.4013128,617.4285714285714,0.083,45.3,0.09,1.72,-81.4,16776205.0,0.0317,0.0037,5.899873015873015,3.4301587301587304
1732231393.500942,606.1428571428571,0.086,45.3,0.18,3.22,-82.0,16776358.0,0.0318,0.0037,10.843222222222222,3.3674603174603175
1732231393.5517414,608.7142857142857,0.086,45.3,0.13,2.68,-82.0,16774485.0,0.0318,0.0037,9.063079365079364,3.3817460317460313
1732231393.6511607,630.8571428571429,0.086,45.3,0.4,5.7,-81.8,16645305.0,0.0318,0.0037,19.97714285714286,3.5047619047619047
1732231393.700755,638.1428571428571,0.08,45.4,0.05,2.01,-81.8,16776307.0,0.0318,0.0037,7.12592857142857,3.545238095238095
1732231393.7518132,628.7142857142857,0.093,45.2,0.19,2.89,-82.5,16971093.0,0.0318,0.0037,10.094357142857143,3.4928571428571424
1732231393.8010256,630.8571428571429,0.089,45.2,0.17,3.0,-81.8,16776268.0,0.0318,0.0037,10.514285714285714,3.5047619047619047
1732231393.851465,502.0,0.056,45.1,-0.01,-12.61,-82.1,16710858.0,0.0318,0.0037,-35.16788888888888,2.7888888888888888
1732231393.9006934,438.85714285714283,0.057,45.2,0.56,13.72,-82.0,16774485.0,0.0318,0.0037,33.45066666666666,2.438095238095238
1732231393.952825,438.57142857142856,0.057,45.1,0.44,14.51,-81.4,16708949.0,0.0318,0.0037,35.35373015873016,2.4365079365079363
1732231394.0009453,403.85714285714283,0.064,45.1,0.18,6.83,-82.3,16973041.0,0.0318,0.0037,15.324134920634918,2.2436507936507937
1732231394.051508,421.85714285714283,0.06,45.4,0.37,13.05,-82.3,16774485.0,0.0318,0.0037,30.584642857142857,2.3436507936507933
1732231394.100914,413.57142857142856,0.0,45.1,0.22,2.25,-82.6,16841894.0,0.0318,0.0037,5.169642857142857,2.2976190476190474
1732231394.1514328,209.85714285714286,0.0,45.1,0.0,-7.99,-82.5,16645196.0,0.0318,0.0037,-9.315325396825397,1.165873015873016
1732231394.201056,111.14285714285714,0.0,45.2,0.0,0.56,-82.5,16708949.0,0.0318,0.0037,0.3457777777777778,0.6174603174603175
1732231394.251706,51.857142857142854,0.0,45.2,0.0,1.19,-82.3,16776268.0,0.0318,0.0037,0.3428333333333333,0.28809523809523807
1732231394.3009512,24.285714285714285,0.0,45.3,0.0,1.11,-82.0,16841894.0,0.0318,0.0037,0.14976190476190476,0.1349206349206349
1732231394.3520312,11.142857142857142,0.0,45.3,0.0,1.22,-81.9,16776205.0,0.0318,0.0037,0.07552380952380952,0.0619047619047619
1732231394.4012413,5.285714285714286,0.0,45.3,0.0,1.23,-81.6,16710669.0,0.0318,0.0037,0.03611904761904761,0.029365079365079365
1732231394.4510844,2.4285714285714284,0.0,45.2,0.0,1.07,-82.2,16841741.0,0.0318,0.0037,0.014436507936507935,0.013492063492063491
1732231394.5009398,1.1428571428571428,0.0,45.3,0.0,1.3,-81.9,16645196.0,0.0318,0.0037,0.008253968253968255,0.006349206349206349
1732231394.55182,0.42857142857142855,0.0,45.2,0.0,1.33,-82.0,16643413.0,0.0318,0.0037,0.0031666666666666666,0.0023809523809523807
1732231394.6009989,0.14285714285714285,0.0,45.3,0.0,1.21,-81.9,16776358.0,0.0318,0.0037,0.0009603174603174603,0.0007936507936507937
1732231394.6510108,0.0,0.0,45.1,0.0,1.12,-82.5,16774485.0,0.0318,0.0037,0.0,0.0
1732231394.8010468,0.0,0.0,45.4,0.0,1.42,-84.5,16645263.0,0.0318,0.0037,0.0,0.0
1732231394.851543,0.0,0.0,45.0,0.0,1.18,-84.4,16774485.0,0.0318,0.0037,0.0,0.0
1732231394.901338,0.0,0.0,45.0,0.0,1.3,-83.5,16776205.0,0.0318,0.0037,0.0,0.0
1732231394.951998,0.0,0.0,45.0,0.0,1.32,-83.3,16776307.0,0.0318,0.0037,0.0,0.0
1732231395.00129,0.0,0.0,45.3,0.0,1.29,-82.6,16776268.0,0.0318,0.0037,0.0,0.0
1732231395.1011603,0.0,0.0,45.2,0.0,1.3,-83.3,16841843.0,0.0318,0.0037,0.0,0.0
1732231395.1514978,0.0,0.0,45.0,0.0,1.26,-83.2,16776205.0,0.0318,0.0037,0.0,0.0
1732231395.4514568,367.85714285714283,0.053,45.3,-0.21,-4.45,-82.0,16841804.0,0.0318,0.0037,-9.094246031746032,2.0436507936507935
1732231395.5010817,417.57142857142856,0.132,45.2,3.39,31.11,-81.2,16841804.0,0.0319,0.0037,72.1702619047619,2.3198412698412696
1732231395.552393,652.5714285714286,0.087,45.2,-0.09,-1.7,-81.3,16776335.0,0.0319,0.0037,-6.163174603174603,3.6253968253968254
1732231395.6010401,857.7142857142857,0.115,45.2,2.27,13.2,-80.5,16774485.0,0.0319,0.0038,62.899047619047614,4.765079365079365
1732231395.6514113,849.1428571428571,0.112,45.1,-0.49,-5.45,-79.3,16776408.0,0.0319,0.0038,-25.710158730158728,4.717460317460318
1732231395.7512903,861.4285714285714,0.112,45.3,0.2,2.82,-79.7,16776335.0,0.0319,0.0038,13.495714285714286,4.785714285714286
1732231395.8012886,854.4285714285714,0.12,45.2,0.21,2.81,-80.1,16710799.0,0.0319,0.0038,13.338579365079365,4.746825396825397
1732231395.8510685,853.8571428571429,0.12,45.2,0.28,2.89,-79.3,16971093.0,0.0319,0.0038,13.709150793650794,4.743650793650794
1732231395.9014442,862.7142857142857,0.133,45.1,0.56,5.27,-79.0,16643413.0,0.032,0.0038,25.25835714285714,4.792857142857143
1732231395.951996,880.5714285714286,0.123,45.2,0.13,2.21,-79.6,16776268.0,0.032,0.0038,10.811460317460318,4.892063492063492
1732231396.0009363,877.5714285714286,0.124,45.1,0.27,3.13,-80.0,16774485.0,0.032,0.0038,15.259992063492064,4.875396825396825
1732231396.0508738,920.2857142857143,0.129,45.3,1.03,8.85,-82.2,16710822.0,0.032,0.0038,45.24738095238096,5.112698412698413
1732231396.1009421,938.2857142857143,0.121,45.2,-0.05,-0.45,-81.9,16710669.0,0.032,0.0038,-2.345714285714286,5.212698412698413
1732231396.152199,925.0,0.13,45.2,0.29,2.37,-81.8,16776307.0,0.032,0.0038,12.179166666666667,5.138888888888889
1732231397.7593217,926.0,0.13,45.3,0.32,3.07,-80.7,16776268.0,0.032,0.0038,15.793444444444443,5.144444444444445
1732231397.8013892,1029.142857142857,0.167,45.2,3.73,22.44,-81.2,16708949.0,0.032,0.0038,128.29980952380953,5.717460317460318
1732231397.8512235,1103.142857142857,0.138,45.2,-0.85,-6.98,-81.4,16776335.0,0.032,0.0038,-42.77742857142857,6.128571428571428
1732231397.9519114,1248.5714285714287,0.201,45.1,-0.53,-3.69,-81.4,16776205.0,0.0321,0.0038,-25.595714285714287,6.936507936507937
1732231398.0515354,1720.4285714285713,0.29,45.3,8.31,29.51,-80.0,16776377.0,0.0323,0.0038,282.05470634920636,9.557936507936507
1732231398.202019,2104.0,0.283,45.2,4.38,15.37,-81.7,16971093.0,0.0324,0.0039,179.6582222222222,11.688888888888888
1732231398.2511764,2263.8571428571427,0.334,45.3,6.41,19.82,-80.5,16774485.0,0.0325,0.0039,249.27582539682538,12.576984126984126
1732231398.3515582,2424.1428571428573,0.348,45.1,-0.71,-2.68,-79.8,16774485.0,0.0325,0.0039,-36.09279365079366,13.467460317460318
1732231398.4007733,2663.1428571428573,0.363,45.2,7.84,21.79,-80.0,16710872.0,0.0327,0.0039,322.38823809523814,14.795238095238096
1732231398.5514243,2962.8571428571427,0.398,45.2,-0.53,-1.72,-81.0,16774485.0,0.0328,0.004,-28.31174603174603,16.46031746031746
1732231398.6008976,3241.4285714285716,0.446,45.3,11.05,25.97,-80.8,16776358.0,0.033,0.004,467.6661111111111,18.00793650793651
1732231398.650841,3284.285714285714,0.444,45.2,-0.74,-2.29,-81.2,16708949.0,0.033,0.004,-41.7834126984127,18.246031746031747
1732231398.7008567,3309.1428571428573,0.476,45.1,5.98,14.48,-81.6,16841894.0,0.0331,0.004,266.20215873015877,18.384126984126986
1732231398.7514336,3378.285714285714,0.457,45.5,-0.49,-1.42,-81.4,16708949.0,0.0331,0.004,-26.65092063492063,18.76825396825397
1732231398.8008764,3448.5714285714284,0.464,45.1,3.76,8.99,-81.4,16774485.0,0.0332,0.004,172.23698412698414,19.158730158730158
1732231398.8511086,3461.285714285714,0.468,45.2,2.04,4.74,-81.2,16840021.0,0.0332,0.004,91.14719047619047,19.229365079365078
1732231398.9012537,3469.1428571428573,0.478,45.3,2.44,6.08,-81.3,16841804.0,0.0332,0.004,117.1799365079365,19.273015873015876
1732231398.952307,3485.714285714286,0.48,45.2,1.3,3.44,-80.7,16776205.0,0.0333,0.004,66.61587301587302,19.365079365079364
1732231399.0011804,3536.1428571428573,0.479,45.1,3.25,7.69,-81.1,16774485.0,0.0333,0.004,151.07188095238098,19.645238095238096
1732231399.0511022,3620.5714285714284,0.497,45.2,5.68,13.09,-81.1,16776268.0,0.0334,0.004,263.296,20.114285714285714
1732231399.1015058,3680.1428571428573,0.522,45.1,4.98,10.24,-80.2,16776205.0,0.0335,0.004,209.3592380952381,20.445238095238096
1732231399.1521876,3739.714285714286,0.512,45.0,-0.39,-0.98,-80.5,16645196.0,0.0335,0.004,-20.360666666666667,20.776190476190475
1732231399.2509296,3858.8571428571427,0.53,45.3,7.75,16.54,-82.0,16841871.0,0.0337,0.004,354.5860952380952,21.438095238095237
1732231399.3013253,3883.4285714285716,0.519,45.2,-0.39,-1.27,-81.9,16774485.0,0.0337,0.0041,-27.399746031746034,21.574603174603176
1732231399.3514328,3866.1428571428573,0.544,45.2,2.31,5.24,-82.8,16907407.0,0.0337,0.0041,112.54771428571429,21.47857142857143
1732231399.400906,4029.4285714285716,0.544,45.2,8.27,16.55,-83.2,16643413.0,0.0338,0.0041,370.48357142857145,22.385714285714286
1732231399.4510741,4114.0,0.559,45.3,5.42,10.92,-83.4,16841804.0,0.0339,0.0041,249.58266666666665,22.855555555555554
1732231399.5008285,4131.857142857143,0.565,45.0,1.77,3.28,-82.8,16774485.0,0.034,0.0041,75.29161904761905,22.954761904761906
1732231399.551611,4138.714285714285,0.562,45.0,2.05,4.47,-83.0,16774485.0,0.034,0.0041,102.77807142857142,22.99285714285714
1732231399.7012534,4165.857142857143,0.574,45.0,4.1,8.45,-82.2,16710732.0,0.0341,0.0041,195.56384920634918,23.143650793650796
1732231399.7524529,4186.571428571428,0.572,45.0,1.99,4.31,-82.0,16841741.0,0.0342,0.0041,100.24512698412697,23.25873015873016
1732231399.8011382,4210.0,0.569,45.2,3.48,7.16,-82.0,16840021.0,0.0342,0.0041,167.46444444444447,23.38888888888889
1732231399.852267,4252.142857142857,0.579,45.2,4.76,9.58,-82.8,16776268.0,0.0343,0.0041,226.30849206349205,23.62301587301587
1732231399.9012046,4260.285714285715,0.574,45.2,1.51,3.29,-82.8,16841741.0,0.0343,0.0041,77.86855555555556,23.66825396825397
1732231399.9516568,4252.285714285715,0.576,45.2,2.85,5.9,-83.3,16708949.0,0.0344,0.0041,139.3804761904762,23.623809523809527
1732231400.0007358,4280.428571428572,0.579,45.1,3.84,7.78,-82.4,16841894.0,0.0344,0.0041,185.00963492063494,23.780158730158732
1732231400.201122,4402.0,0.596,45.1,3.99,7.83,-81.3,16774485.0,0.0347,0.0041,191.48700000000002,24.455555555555556
1732231400.3008301,4551.857142857143,0.637,45.1,6.75,11.68,-80.4,16907379.0,0.0349,0.0041,295.3649523809524,25.288095238095238
1732231400.4508572,5059.285714285715,0.694,45.3,9.96,16.17,-81.7,16710799.0,0.0354,0.0042,454.49250000000006,28.107142857142858
1732231400.5223458,5143.0,0.703,45.2,3.73,5.8,-81.7,16645322.0,0.0355,0.0042,165.71888888888887,28.572222222222223
1732231400.5517988,5146.714285714285,0.722,45.3,2.51,4.3,-81.8,16971093.0,0.0355,0.0042,122.94928571428571,28.59285714285714
1732231400.6010132,5215.571428571428,0.709,45.0,7.71,12.64,-81.8,16905557.0,0.0356,0.0042,366.2490158730159,28.975396825396825
1732231400.751228,5375.571428571428,0.735,45.1,3.48,5.84,-81.9,16776205.0,0.0359,0.0042,174.40742857142857,29.864285714285714
1732231400.9009638,5653.571428571428,0.771,44.7,15.09,22.51,-82.3,16841741.0,0.0365,0.0042,707.010515873016,31.408730158730158
1732231400.951191,5727.428571428572,0.765,45.1,4.03,6.45,-82.7,16776358.0,0.0366,0.0042,205.23285714285714,31.81904761904762
1732231401.0008032,5935.428571428572,0.794,45.3,16.33,23.17,-82.4,16645322.0,0.0369,0.0042,764.0215555555556,32.974603174603175
1732231401.1011422,6186.857142857143,0.839,44.9,8.24,10.95,-82.6,16710669.0,0.0373,0.0043,376.3671428571428,34.371428571428574
1732231401.15124,6235.142857142857,0.853,45.2,1.24,2.07,-81.7,16905557.0,0.0373,0.0043,71.70414285714286,34.63968253968254
1732231401.2510629,6884.857142857143,0.949,45.1,8.95,13.9,-80.5,16776307.0,0.0381,0.0043,531.6639682539683,38.249206349206354
1732231401.4009933,7030.142857142857,0.949,45.1,6.49,7.92,-80.9,16840021.0,0.0384,0.0043,309.3262857142857,39.0563492063492
1732231401.4509096,7032.428571428572,0.949,45.0,6.49,7.94,-81.2,16840021.0,0.0384,0.0043,310.20823809523813,39.06904761904762
1732231401.5514774,7033.857142857143,0.95,45.0,6.65,8.14,-81.7,16841741.0,0.0386,0.0043,318.08665079365085,39.07698412698413
1732231401.6510768,7035.0,0.949,45.0,6.57,8.06,-82.1,16907277.0,0.0388,0.0043,315.0116666666667,39.083333333333336
1732231401.7008653,7035.428571428572,0.95,45.0,6.48,7.99,-81.1,16841894.0,0.0389,0.0043,312.29485714285715,39.08571428571429
1732231401.7516222,7034.857142857143,0.949,45.1,6.37,7.81,-82.0,16776358.0,0.039,0.0043,305.2346349206349,39.08253968253968
1732231401.8010247,7035.0,0.949,45.0,6.63,8.14,-81.8,16840021.0,0.0391,0.0043,318.1383333333333,39.083333333333336
1732231401.8509488,7035.285714285715,0.949,44.9,6.5,8.0,-82.1,16841804.0,0.0392,0.0043,312.6793650793651,39.084920634920636
1732231401.9011269,7035.0,0.949,45.0,6.45,7.9,-82.0,16907340.0,0.0393,0.0043,308.7583333333333,39.083333333333336
1732231401.951542,7035.285714285715,0.949,45.1,6.56,8.09,-82.7,16645133.0,0.0394,0.0043,316.197007936508,39.084920634920636
1732231402.0010617,7035.571428571428,0.95,44.8,6.51,7.98,-83.0,16776205.0,0.0395,0.0043,311.9103333333333,39.086507936507935
1732231402.0510924,7035.714285714285,0.949,45.0,6.47,7.91,-82.7,16776335.0,0.0396,0.0043,309.18055555555554,39.08730158730158
1732231402.1008158,7034.857142857143,0.949,44.9,6.4,7.86,-83.4,16840021.0,0.0397,0.0043,307.1887619047619,39.08253968253968
1732231402.1512938,7035.0,0.95,45.0,6.55,8.02,-82.5,16776408.0,0.0398,0.0043,313.4483333333333,39.083333333333336
1732231402.200739,7035.142857142857,0.95,44.9,6.41,7.86,-82.2,16645305.0,0.0399,0.0043,307.20123809523807,39.08412698412698
1732231402.250886,7035.142857142857,0.949,45.1,6.44,7.92,-83.0,16710872.0,0.04,0.0043,309.5462857142857,39.08412698412698
1732231402.351397,7035.571428571428,0.949,44.9,6.43,7.92,-82.1,16776377.0,0.0402,0.0043,309.56514285714286,39.086507936507935
1732231402.4009917,7036.428571428572,0.949,45.0,6.56,8.02,-83.1,16774485.0,0.0403,0.0043,313.5119841269841,39.09126984126984
1732231402.4511256,7035.857142857143,0.949,44.9,6.35,7.81,-83.0,16841804.0,0.0404,0.0043,305.2780238095238,39.08809523809524
1732231402.5010777,7035.428571428572,0.95,45.0,6.43,7.87,-83.5,16905557.0,0.0405,0.0043,307.60457142857143,39.08571428571429
1732231402.5516982,7036.0,0.949,45.1,6.53,8.0,-82.6,16841843.0,0.0406,0.0043,312.7111111111111,39.08888888888889
1732231402.8010457,7036.285714285715,0.949,45.0,6.38,7.8,-81.5,16776307.0,0.0411,0.0043,304.9057142857143,39.090476190476195
1732231402.8688903,7035.857142857143,0.949,44.9,6.32,7.75,-81.2,16776268.0,0.0412,0.0043,302.9327380952381,39.08809523809524
1732231402.9013295,7036.142857142857,0.949,45.0,6.64,8.2,-81.1,16841894.0,0.0412,0.0043,320.5353968253968,39.089682539682535
1732231402.9521143,7036.428571428572,0.949,45.0,6.38,7.82,-81.6,16643413.0,0.0413,0.0043,305.69373015873015,39.09126984126984
1732231403.051223,7036.285714285715,0.949,45.0,6.56,8.03,-80.2,16841804.0,0.0415,0.0043,313.8965238095238,39.090476190476195
1732231403.1009994,7036.571428571428,0.95,45.1,6.49,7.97,-80.6,16841944.0,0.0416,0.0043,311.563746031746,39.09206349206349
1732231403.151954,7036.571428571428,0.949,45.3,6.48,7.96,-81.2,16710732.0,0.0417,0.0043,311.17282539682543,39.09206349206349
1732231403.201046,7036.857142857143,0.949,44.8,6.46,7.91,-80.9,16972966.0,0.0418,0.0043,309.2307777777778,39.093650793650795
1732231403.2511187,7036.857142857143,0.949,44.7,6.36,7.78,-82.2,16840021.0,0.0419,0.0043,304.1486031746032,39.093650793650795
1732231403.4013252,7037.142857142857,0.949,44.7,6.41,7.84,-82.6,16776205.0,0.0422,0.0043,306.50666666666666,39.095238095238095
1732231403.4517362,7037.142857142857,0.949,45.0,6.53,8.02,-82.8,16841804.0,0.0422,0.0043,313.5438095238095,39.095238095238095
1732231403.5010974,7037.428571428572,0.95,45.0,6.58,8.04,-83.1,16841894.0,0.0423,0.0043,314.3384761904762,39.096825396825395
1732231403.651548,7036.285714285715,0.949,44.8,6.4,7.92,-80.7,16905557.0,0.0426,0.0043,309.59657142857145,39.090476190476195
1732231403.7012296,7037.0,0.949,45.0,6.48,7.96,-81.7,16840021.0,0.0427,0.0043,311.19177777777776,39.09444444444444
1732231403.7523663,7037.857142857143,0.949,44.7,6.48,7.97,-81.0,16841741.0,0.0428,0.0043,311.6206746031746,39.09920634920635
1732231403.801132,7037.428571428572,0.949,45.1,6.31,7.73,-80.3,16776268.0,0.0429,0.0043,302.21846031746037,39.096825396825395
1732231403.8510625,7037.0,0.95,45.0,6.39,7.87,-80.3,16841804.0,0.043,0.0043,307.6732777777778,39.09444444444444
1732231403.901254,7036.142857142857,0.95,44.9,6.38,7.81,-79.5,16776335.0,0.0431,0.0043,305.2904206349206,39.089682539682535
1732231403.9518921,7036.714285714285,0.95,44.9,6.41,7.86,-79.5,16905557.0,0.0431,0.0043,307.2698571428571,39.09285714285714
1732231404.0010655,7036.714285714285,0.949,45.0,6.45,7.9,-79.3,16840021.0,0.0432,0.0043,308.8335714285714,39.09285714285714
1732231404.1525447,7034.428571428572,0.949,44.9,6.53,8.03,-79.3,16776307.0,0.0435,0.0043,313.8136746031746,39.08015873015873
1732231404.2009704,7036.142857142857,0.949,45.0,6.39,7.81,-80.3,16776358.0,0.0436,0.0043,305.2904206349206,39.089682539682535
1732231404.2510738,6999.142857142857,0.95,44.8,2.79,3.99,-79.7,16710822.0,0.0437,0.0043,155.14766666666668,38.88412698412698
1732231404.5522287,6585.571428571428,0.884,44.9,7.81,10.23,-79.6,16840021.0,0.0444,0.0046,374.2799761904762,36.586507936507935
1732231404.7010448,6291.142857142857,0.826,45.3,2.94,3.34,-80.2,16907379.0,0.0446,0.0048,116.73565079365079,34.95079365079365
1732231404.7521946,6223.428571428572,0.801,45.1,8.81,12.34,-79.2,16905557.0,0.0448,0.0048,426.6506031746032,34.574603174603176
1732231404.8014114,6105.857142857143,0.815,45.0,0.92,0.31,-79.0,16841871.0,0.0449,0.0049,10.515642857142858,33.92142857142857
1732231404.9013298,5972.857142857143,0.779,45.3,2.17,2.47,-78.4,16907379.0,0.045,0.005,81.96087301587303,33.182539682539684
1732231404.9518254,5902.714285714285,0.759,44.9,8.83,13.11,-79.6,16840021.0,0.0451,0.005,429.91435714285706,32.79285714285714
1732231405.001226,5695.714285714285,0.769,44.6,-0.07,-2.87,-81.7,16774485.0,0.0452,0.0051,-90.815,31.642857142857142
1732231405.0516148,5584.285714285715,0.761,44.4,6.68,9.43,-81.7,16905557.0,0.0454,0.0052,292.5545238095238,31.023809523809526
1732231405.1525059,5534.571428571428,0.758,44.8,10.26,15.72,-81.8,16905557.0,0.0457,0.0052,483.3525714285715,30.747619047619047
1732231405.201436,5458.285714285715,0.749,44.7,4.06,5.87,-81.7,16776335.0,0.0458,0.0052,178.00076190476193,30.323809523809526
1732231405.2508574,5321.142857142857,0.706,44.7,-2.6,-6.85,-82.7,16774485.0,0.0458,0.0053,-202.4990476190476,29.56190476190476
1732231405.3010163,5266.857142857143,0.725,45.0,9.77,16.01,-83.2,16774485.0,0.046,0.0053,468.45768253968265,29.260317460317463
1732231405.351747,5277.285714285715,0.72,45.0,5.11,8.37,-82.5,16907407.0,0.0461,0.0053,245.39378571428568,29.31825396825397
1732231405.401494,5271.571428571428,0.717,44.9,4.34,7.13,-82.0,16841804.0,0.0461,0.0053,208.81280158730158,29.286507936507935
1732231405.4513433,5240.285714285715,0.71,45.0,2.88,4.7,-81.9,16776335.0,0.0462,0.0053,136.82968253968255,29.112698412698414
1732231405.6013398,5108.714285714285,0.694,44.9,3.41,5.74,-81.8,16841871.0,0.0464,0.0054,162.91122222222222,28.38174603174603
1732231405.6512136,5001.571428571428,0.663,44.8,-2.83,-6.79,-82.0,16841913.0,0.0464,0.0055,-188.67038888888888,27.786507936507935
1732231405.7014754,4949.285714285715,0.667,45.0,5.96,10.48,-82.0,16774485.0,0.0465,0.0055,288.15841269841275,27.496031746031747
1732231405.7520485,4940.0,0.662,45.1,4.53,7.93,-81.1,16841944.0,0.0466,0.0055,217.63444444444443,27.444444444444443
1732231405.801437,4911.857142857143,0.665,45.1,2.22,3.8,-80.3,16774485.0,0.0466,0.0055,103.6947619047619,27.288095238095238
1732231405.851473,4906.0,0.665,44.9,3.85,6.82,-80.8,16907407.0,0.0466,0.0055,185.88288888888889,27.255555555555556
1732231405.9013436,4853.0,0.607,45.6,-5.28,-11.74,-80.6,16776205.0,0.0467,0.0056,-316.52344444444446,26.961111111111112
1732231405.9523253,4720.714285714285,0.645,45.0,7.83,13.83,-80.5,16907340.0,0.0468,0.0056,362.7082142857143,26.226190476190474
1732231406.0017512,4328.571428571428,0.547,44.8,-12.38,-31.25,-79.6,16907277.0,0.0468,0.0058,-751.4880952380952,24.047619047619047
1732231406.0514896,3940.5714285714284,0.46,44.9,-6.87,-23.43,-81.0,16776377.0,0.0469,0.0059,-512.9310476190476,21.892063492063492
1732231406.1011176,3651.1428571428573,0.395,45.6,-0.57,-7.35,-81.2,16907505.0,0.047,0.006,-149.08833333333334,20.284126984126985
1732231406.2009861,3247.714285714286,0.446,44.9,0.09,-1.86,-81.7,16972915.0,0.0471,0.0061,-33.55971428571429,18.042857142857144
1732231406.2508538,3270.0,0.447,45.0,3.26,8.65,-81.0,16840021.0,0.0472,0.0061,157.14166666666668,18.166666666666668
1732231406.3008492,3208.8571428571427,0.37,45.3,-4.73,-16.58,-80.9,16774485.0,0.0472,0.0062,-295.5713968253968,17.826984126984126
1732231406.351803,3042.4285714285716,0.371,45.0,4.8,13.36,-82.0,16774485.0,0.0473,0.0062,225.81580952380952,16.902380952380952
1732231406.4009466,2922.5714285714284,0.402,44.9,-0.08,-1.98,-82.3,17038479.0,0.0473,0.0062,-32.14828571428571,16.236507936507937
1732231406.4509726,2756.8571428571427,0.35,44.9,-2.89,-13.39,-82.6,16841871.0,0.0473,0.0063,-205.0795396825397,15.315873015873015
1732231406.5008378,2684.5714285714284,0.364,45.2,3.58,11.56,-82.8,16841804.0,0.0474,0.0063,172.40914285714285,14.914285714285713
1732231406.5515058,2691.1428571428573,0.352,45.1,1.74,5.65,-82.6,16841741.0,0.0474,0.0063,84.47198412698414,14.950793650793653
1732231406.6509905,2401.285714285714,0.332,45.2,2.51,8.84,-81.5,16841894.0,0.0475,0.0064,117.92980952380951,13.34047619047619
1732231406.7010658,2417.285714285714,0.328,45.0,1.22,4.49,-82.0,16905557.0,0.0475,0.0064,60.29784920634921,13.429365079365079
1732231406.751556,2418.285714285714,0.327,45.2,0.84,3.25,-82.7,17036629.0,0.0475,0.0064,43.663492063492065,13.434920634920635
1732231406.8009837,2244.714285714286,0.306,45.0,-1.0,-6.85,-82.1,16905557.0,0.0475,0.0064,-85.4238492063492,12.470634920634922
1732231406.8509145,2067.285714285714,0.259,45.0,-1.56,-11.64,-81.8,16841913.0,0.0476,0.0065,-133.6844761904762,11.484920634920634
1732231406.9009511,1961.142857142857,0.235,45.1,0.69,0.58,-82.0,16840021.0,0.0476,0.0065,6.319238095238095,10.895238095238096
1732231406.9514816,1892.7142857142858,0.251,45.1,2.36,10.52,-82.9,16907430.0,0.0477,0.0065,110.61863492063492,10.515079365079366
1732231407.0007977,1697.142857142857,0.231,45.1,-1.06,-9.83,-82.2,16643413.0,0.0477,0.0065,-92.68285714285715,9.428571428571429
1732231407.051102,1340.2857142857142,0.069,45.2,-2.31,-39.94,-82.1,16907516.0,0.0477,0.0066,-297.3945079365079,7.446031746031745
1732231407.1009605,990.0,0.099,45.1,1.23,12.96,-83.0,16841804.0,0.0477,0.0066,71.28,5.5
1732231407.2009664,577.0,0.0,45.2,-0.23,-18.89,-82.9,16841804.0,0.0477,0.0066,-60.55294444444445,3.2055555555555557
1732231407.250881,267.42857142857144,0.0,45.2,0.0,-1.88,-82.9,16776268.0,0.0477,0.0066,-2.793142857142857,1.4857142857142858
1732231407.3009,116.85714285714286,0.0,45.2,0.0,1.54,-81.6,16841804.0,0.0477,0.0066,0.9997777777777779,0.6492063492063492
1732231407.3516662,50.42857142857143,0.0,45.3,0.0,1.38,-82.1,16907277.0,0.0477,0.0066,0.3866190476190476,0.28015873015873016
1732231407.4009953,22.285714285714285,0.0,45.1,0.0,1.26,-80.9,16907277.0,0.0477,0.0066,0.156,0.1238095238095238
1732231407.4510748,9.714285714285714,0.0,45.0,0.0,1.27,-80.7,16907449.0,0.0477,0.0066,0.06853968253968254,0.053968253968253964
1732231407.5015497,4.142857142857143,0.0,45.4,0.0,1.31,-79.9,16907340.0,0.0477,0.0066,0.030150793650793654,0.023015873015873017
1732231407.5512147,1.7142857142857142,0.0,45.2,0.0,1.4,-78.9,16841804.0,0.0477,0.0066,0.013333333333333332,0.009523809523809523
1732231407.650874,0.2857142857142857,0.0,45.2,0.0,1.33,-78.2,16907449.0,0.0477,0.0066,0.0021111111111111113,0.0015873015873015873
1732231407.7009213,0.14285714285714285,0.0,45.2,0.0,1.39,-77.5,16841804.0,0.0477,0.0066,0.0011031746031746029,0.0007936507936507937
1732231407.8008575,0.0,0.0,45.2,0.0,1.28,-77.7,16905557.0,0.0477,0.0066,0.0,0.0
1732231407.8509371,0.0,0.0,45.2,0.0,1.3,-78.0,16907466.0,0.0477,0.0066,0.0,0.0
1732231407.9008698,0.0,0.0,45.2,0.0,1.35,-78.1,16840021.0,0.0477,0.0066,0.0,0.0
1732231407.95133,0.0,0.0,45.2,0.0,1.37,-79.6,16776268.0,0.0477,0.0066,0.0,0.0
1732231408.0010347,0.0,0.0,45.2,0.0,1.32,-79.7,16840021.0,0.0477,0.0066,0.0,0.0
1732231408.051735,0.0,0.0,45.2,0.0,1.37,-79.3,16841804.0,0.0477,0.0066,0.0,0.0
1732231408.1008573,0.0,0.0,45.0,0.0,1.41,-79.2,16840021.0,0.0477,0.0066,0.0,0.0
1732231408.1517627,0.0,0.0,45.1,0.0,1.36,-78.9,16907449.0,0.0477,0.0066,0.0,0.0
1732231408.251126,0.0,0.0,45.3,0.0,1.36,-78.2,16841843.0,0.0477,0.0066,0.0,0.0
1732231408.3009133,0.0,0.0,45.2,0.0,1.4,-78.3,16841843.0,0.0477,0.0066,0.0,0.0
1732231408.3515892,0.0,0.0,45.2,0.0,1.44,-77.4,16841804.0,0.0477,0.0066,0.0,0.0
1732231408.4510174,0.0,0.0,45.2,0.0,1.31,-77.1,16776268.0,0.0477,0.0066,0.0,0.0
1732231408.5009265,0.0,0.0,44.9,0.0,1.37,-78.6,16841843.0,0.0477,0.0066,0.0,0.0
1732231408.5514197,0.0,0.0,45.2,0.0,1.33,-78.3,16774485.0,0.0477,0.0066,0.0,0.0
1732231408.7007933,0.0,0.0,45.1,0.0,1.25,-78.6,16907466.0,0.0477,0.0066,0.0,0.0
1732231408.7509325,0.0,0.0,45.0,0.0,1.43,-78.9,16907466.0,0.0477,0.0066,0.0,0.0
1732231408.801183,0.0,0.0,45.2,0.0,1.34,-79.3,16972985.0,0.0477,0.0066,0.0,0.0
1732231408.951986,0.0,0.0,45.2,0.0,1.19,-79.4,16907449.0,0.0477,0.0066,0.0,0.0
1732231409.0509472,0.0,0.0,45.2,0.0,1.35,-79.2,16905557.0,0.0477,0.0066,0.0,0.0
1732231409.1010935,0.0,0.0,45.1,0.0,1.41,-79.0,16973002.0,0.0477,0.0066,0.0,0.0
1732231409.1520238,0.0,0.0,45.1,0.0,1.25,-79.2,16841913.0,0.0477,0.0066,0.0,0.0
1732231409.2010164,0.0,0.0,45.2,0.0,1.31,-79.0,16905557.0,0.0477,0.0066,0.0,0.0
1732231409.2511559,0.0,0.0,45.2,0.0,1.43,-79.3,16774485.0,0.0477,0.0066,0.0,0.0
1732231409.3012066,0.0,0.0,45.1,0.0,1.39,-79.1,16840021.0,0.0477,0.0066,0.0,0.0
1732231409.4506502,0.0,0.0,45.1,0.0,1.3,-79.0,16971093.0,0.0477,0.0066,0.0,0.0
1732231409.501277,0.0,0.0,45.3,0.0,1.27,-79.0,16841843.0,0.0477,0.0066,0.0,0.0
1732231409.5512269,0.0,0.0,45.2,0.0,1.48,-78.2,16774485.0,0.0477,0.0066,0.0,0.0
1732231409.6010654,0.0,0.0,45.2,0.0,1.34,-79.2,16841871.0,0.0477,0.0066,0.0,0.0
1732231409.651069,0.0,0.0,45.2,0.0,1.31,-78.6,16776307.0,0.0477,0.0066,0.0,0.0
1732231409.7012682,0.0,0.0,45.2,0.0,1.32,-78.7,16907340.0,0.0477,0.0066,0.0,0.0
1732231409.7517881,0.0,0.0,45.1,0.0,1.34,-78.6,16776335.0,0.0477,0.0066,0.0,0.0
1732231409.8011415,0.0,0.0,45.2,0.0,1.5,-80.1,16840021.0,0.0477,0.0066,0.0,0.0
1732231409.8512013,0.0,0.0,45.1,0.0,1.42,-79.8,16841969.0,0.0477,0.0066,0.0,0.0
1732231409.9012454,0.0,0.0,45.1,0.0,1.33,-79.1,16776205.0,0.0477,0.0066,0.0,0.0
1732231409.9515333,0.0,0.0,45.2,0.0,1.38,-78.6,16841741.0,0.0477,0.0066,0.0,0.0
1732231410.0009365,0.0,0.0,45.1,0.0,1.24,-78.1,16972985.0,0.0477,0.0066,0.0,0.0
1732231410.0511665,0.0,0.0,45.2,0.0,1.39,-80.4,16776268.0,0.0477,0.0066,0.0,0.0
1732231410.1009407,0.0,0.0,45.2,0.0,1.31,-80.0,16841843.0,0.0477,0.0066,0.0,0.0
1732231410.151813,0.0,0.0,45.0,0.0,1.51,-81.1,16841930.0,0.0477,0.0066,0.0,0.0
1732231410.251679,0.0,0.0,45.2,0.0,1.53,-80.8,16840021.0,0.0477,0.0066,0.0,0.0
1732231410.300898,0.0,0.0,45.1,0.0,1.39,-81.6,16774485.0,0.0477,0.0066,0.0,0.0
1732231410.3516843,0.0,0.0,45.2,0.0,1.4,-82.0,16840021.0,0.0477,0.0066,0.0,0.0
1732231410.401052,0.0,0.0,45.2,0.0,1.38,-80.8,16972985.0,0.0477,0.0066,0.0,0.0
1732231410.4515598,0.0,0.0,45.1,0.0,1.47,-82.6,16905557.0,0.0477,0.0066,0.0,0.0
