time,heading,desired_heading
0.20028328895568848,319.2994384765625,314.9129333496094
0.2638702392578125,320.9382629394531,314.90374755859375
0.31795525550842285,320.9382629394531,314.90374755859375
0.37500500679016113,320.9382629394531,314.88775634765625
0.4285471439361572,320.9382629394531,314.88775634765625
0.4838099479675293,320.9382629394531,314.88775634765625
0.5407729148864746,319.8325500488281,314.8756408691406
0.5997340679168701,319.8325500488281,314.8756408691406
0.6576402187347412,319.8325500488281,314.87420654296875
0.7146015167236328,319.8325500488281,314.87420654296875
0.7664082050323486,319.75677490234375,314.8778381347656
0.8248765468597412,319.75677490234375,314.8778381347656
0.8781733512878418,319.75677490234375,314.8778381347656
0.9404077529907227,319.75677490234375,314.87884521484375
1.0809965133666992,319.75677490234375,314.87884521484375
1.147120475769043,319.6447448730469,314.8735656738281
1.2077264785766602,319.6447448730469,314.8735656738281
1.266186237335205,319.6447448730469,314.87139892578125
1.3267743587493896,319.6447448730469,314.87139892578125
1.3849079608917236,319.6717529296875,314.8655090332031
1.444817304611206,319.6717529296875,314.8655090332031
1.5048108100891113,319.6717529296875,314.8655090332031
1.5588338375091553,319.6717529296875,314.8622131347656
1.623509407043457,319.6717529296875,314.8622131347656
1.6803953647613525,318.9133605957031,314.8607177734375
1.7413976192474365,318.9133605957031,314.8607177734375
1.8208787441253662,318.9133605957031,314.86065673828125
1.8766844272613525,318.9133605957031,314.86065673828125
1.929875135421753,318.9133605957031,314.86065673828125
1.9854850769042969,318.8006591796875,314.857421875
2.039449453353882,318.8006591796875,314.857421875
2.0887081623077393,318.8006591796875,314.8627014160156
2.1420533657073975,318.8006591796875,314.8627014160156
2.196103096008301,318.8006591796875,314.8627014160156
2.2505829334259033,319.50439453125,314.8647155761719
2.308967351913452,319.50439453125,314.8647155761719
2.3631768226623535,319.50439453125,314.8647155761719
2.416985034942627,319.50439453125,314.8647155761719
2.472026824951172,319.50439453125,314.8647155761719
2.524080753326416,319.50439453125,314.8647155761719
2.582655429840088,319.50439453125,314.8647155761719
2.638395071029663,319.50439453125,314.8647155761719
2.6959683895111084,319.50439453125,314.8647155761719
2.7467002868652344,319.50439453125,314.8647155761719
2.7989985942840576,319.50439453125,314.8647155761719
2.855611562728882,319.50439453125,314.8647155761719
2.9141528606414795,319.50439453125,314.8647155761719
2.974470615386963,319.50439453125,314.8647155761719
3.030289649963379,319.50439453125,314.8647155761719
3.0882022380828857,319.50439453125,314.8647155761719
3.144958019256592,319.50439453125,314.8647155761719
3.1992387771606445,319.50439453125,314.8647155761719
3.255033254623413,319.50439453125,314.8647155761719
3.3082363605499268,319.50439453125,314.8647155761719
3.364598274230957,319.50439453125,314.8647155761719
3.420182466506958,319.50439453125,314.87213134765625
3.4785983562469482,319.50439453125,314.87213134765625
3.53576922416687,318.9128112792969,314.8729553222656
3.5951297283172607,318.9128112792969,314.8729553222656
3.6499783992767334,318.9128112792969,314.8732604980469
3.7087056636810303,318.9128112792969,314.8732604980469
3.7629148960113525,318.9128112792969,314.8732604980469
3.8153395652770996,319.200927734375,314.8743896484375
3.8810057640075684,319.200927734375,314.8743896484375
3.934321880340576,319.200927734375,314.8728942871094
3.9944121837615967,319.200927734375,314.8728942871094
4.052254915237427,320.1340026855469,314.8739929199219
4.108545780181885,320.1340026855469,314.8739929199219
4.163989067077637,320.1340026855469,314.8739929199219
4.215227127075195,320.1340026855469,314.8666076660156
4.2759177684783936,320.1340026855469,314.8666076660156
4.338021278381348,319.07427978515625,314.8634033203125
4.393485069274902,319.07427978515625,314.8634033203125
4.447088241577148,319.07427978515625,314.8666076660156
4.507126808166504,319.07427978515625,314.8666076660156
4.561451196670532,319.07427978515625,314.8666076660156
4.613215684890747,319.18377685546875,314.8687744140625
4.687753677368164,319.18377685546875,314.8687744140625
4.745544910430908,319.18377685546875,314.86444091796875
4.798099994659424,319.18377685546875,314.86444091796875
4.849394083023071,319.18377685546875,314.86444091796875
4.902776718139648,319.05780029296875,314.8674011230469
4.967473268508911,319.05780029296875,314.8674011230469
5.024317502975464,319.05780029296875,314.8691101074219
5.080715656280518,319.05780029296875,314.8691101074219
5.132869243621826,319.3798522949219,314.8727722167969
5.187540054321289,319.3798522949219,314.8727722167969
5.244598150253296,319.3798522949219,314.8727722167969
5.29824686050415,319.3798522949219,314.8685302734375
5.354637622833252,319.3798522949219,314.8685302734375
5.411289930343628,319.3798522949219,314.8685302734375
5.465344190597534,319.3798522949219,314.8685302734375
5.521833658218384,319.3798522949219,314.8685302734375
5.581279516220093,319.3798522949219,314.8685302734375
5.639233112335205,319.3798522949219,314.8685302734375
5.703549385070801,319.3798522949219,314.8685302734375
5.762481927871704,319.3798522949219,314.8685302734375
5.820960521697998,319.3798522949219,314.8685302734375
5.876389265060425,319.3798522949219,314.8685302734375
5.934671401977539,319.3798522949219,314.8685302734375
5.989968776702881,319.3798522949219,314.8685302734375
6.042200088500977,319.3798522949219,314.8685302734375
6.102112054824829,319.3798522949219,314.8685302734375
6.155587196350098,319.3798522949219,314.8685302734375
6.211503505706787,319.3798522949219,314.8685302734375
6.265889883041382,319.3798522949219,314.8685302734375
6.320517301559448,319.3798522949219,314.8685302734375
6.379695177078247,319.3798522949219,314.8685302734375
6.443499326705933,319.3798522949219,314.8685302734375
6.496260643005371,318.95794677734375,314.8351135253906
6.551290988922119,318.95794677734375,314.8351135253906
6.6075639724731445,318.95794677734375,314.8351135253906
6.6611316204071045,318.95794677734375,314.8374328613281
6.717726469039917,318.95794677734375,314.8374328613281
6.775310516357422,318.45721435546875,314.84130859375
6.828280687332153,318.45721435546875,314.84130859375
6.88639235496521,318.45721435546875,314.84783935546875
6.939248561859131,318.45721435546875,314.84783935546875
6.996745824813843,318.45721435546875,314.84783935546875
7.056309938430786,318.7286071777344,314.8490295410156
7.11543869972229,318.7286071777344,314.8490295410156
7.168806552886963,318.7286071777344,314.848388671875
7.222623348236084,318.7286071777344,314.848388671875
7.27805495262146,318.4227294921875,314.8509826660156
7.333587646484375,318.4227294921875,314.8509826660156
7.385993480682373,318.4227294921875,314.8509826660156
7.441713094711304,318.4227294921875,314.859375
7.496052503585815,318.4227294921875,314.859375
7.5550642013549805,318.9941101074219,314.8601989746094
7.610304117202759,318.9941101074219,314.8601989746094
7.662564277648926,318.9941101074219,314.8601989746094
7.7186784744262695,318.9941101074219,314.859375
7.774262428283691,318.9941101074219,314.859375
7.825639724731445,318.8731994628906,314.85736083984375
7.882556676864624,318.8731994628906,314.85736083984375
7.9410576820373535,318.8731994628906,314.8590393066406
7.994237661361694,318.8731994628906,314.8590393066406
8.047563791275024,318.8731994628906,314.8590393066406
8.103369235992432,318.76470947265625,314.8667297363281
8.158584117889404,318.76470947265625,314.8667297363281
8.21768856048584,318.76470947265625,314.8699035644531
8.273885250091553,318.76470947265625,314.8699035644531
8.327372074127197,318.76470947265625,314.8699035644531
8.383958339691162,319.3441162109375,314.86407470703125
8.438618183135986,319.3441162109375,314.86407470703125
8.493984937667847,319.3441162109375,314.86407470703125
8.546887636184692,319.3441162109375,314.86407470703125
8.603543281555176,319.3441162109375,314.86407470703125
8.658419609069824,319.3441162109375,314.86407470703125
8.715072870254517,319.3441162109375,314.86407470703125
8.769744396209717,319.3441162109375,314.86407470703125
8.8254714012146,319.3441162109375,314.86407470703125
8.900368928909302,319.3441162109375,314.86407470703125
8.955389738082886,319.3441162109375,314.86407470703125
9.013068914413452,319.3441162109375,314.86407470703125
9.072224617004395,319.3441162109375,314.86407470703125
9.126662492752075,319.3441162109375,314.86407470703125
9.188338994979858,319.3441162109375,314.86407470703125
9.245702743530273,319.3441162109375,314.86407470703125
9.303573369979858,319.3441162109375,314.86407470703125
9.362121820449829,319.3441162109375,314.86407470703125
9.419965028762817,319.3441162109375,314.86407470703125
9.477436542510986,319.3441162109375,314.86407470703125
9.535398960113525,319.3441162109375,314.86407470703125
9.593473672866821,319.3441162109375,314.85589599609375
9.655883550643921,319.3441162109375,314.85589599609375
9.717734813690186,318.6019592285156,314.8338623046875
9.774641752243042,318.6019592285156,314.8338623046875
9.8329758644104,318.6019592285156,314.8389892578125
9.89453125,318.6019592285156,314.8389892578125
9.955336093902588,318.7890930175781,314.84124755859375
10.00886869430542,318.7890930175781,314.84124755859375
10.06590223312378,318.7890930175781,314.84124755859375
10.11819839477539,318.7890930175781,314.842041015625
10.175938844680786,318.7890930175781,314.842041015625
10.229462385177612,318.8653564453125,314.84075927734375
10.283567428588867,318.8653564453125,314.84075927734375
10.339263439178467,318.8653564453125,314.8399353027344
10.395697355270386,318.8653564453125,314.8399353027344
10.460387229919434,318.8653564453125,314.8399353027344
10.578085660934448,319.4801940917969,314.8404846191406
10.635834455490112,319.4801940917969,314.8404846191406
10.692005634307861,319.4801940917969,314.8322448730469
10.748431921005249,319.4801940917969,314.8322448730469
10.81566834449768,318.7572326660156,314.8353576660156
10.871887922286987,318.7572326660156,314.8353576660156
10.930384397506714,318.7572326660156,314.8353576660156
10.990102291107178,318.7572326660156,314.83868408203125
11.044864892959595,318.7572326660156,314.83868408203125
11.104471921920776,319.09912109375,314.8507080078125
11.163896083831787,319.09912109375,314.8507080078125
11.218275785446167,319.09912109375,314.84814453125
11.273965835571289,319.09912109375,314.84814453125
11.328145265579224,319.09912109375,314.84814453125
11.387814283370972,318.8396911621094,314.85003662109375
11.445428133010864,318.8396911621094,314.85003662109375
11.506842136383057,318.8396911621094,314.8526916503906
11.562090158462524,318.8396911621094,314.8526916503906
11.619982719421387,318.9721374511719,314.85394287109375
11.707632303237915,318.9721374511719,314.85394287109375
11.7623610496521,318.9721374511719,314.85394287109375
11.816854476928711,318.9721374511719,314.85394287109375
11.870517015457153,318.9721374511719,314.85394287109375
11.928443908691406,318.9721374511719,314.85394287109375
11.982344150543213,318.9721374511719,314.85394287109375
12.037647485733032,318.9721374511719,314.85394287109375
12.096121072769165,318.9721374511719,314.85394287109375
12.165359258651733,318.9721374511719,314.85394287109375
12.225502014160156,318.9721374511719,314.85394287109375
12.283146858215332,318.9721374511719,314.85394287109375
12.341709613800049,318.9721374511719,314.85394287109375
12.400389671325684,318.9721374511719,314.85394287109375
12.45971393585205,318.9721374511719,314.85394287109375
12.51723837852478,318.9721374511719,314.85394287109375
12.57164716720581,318.9721374511719,314.85394287109375
12.627652883529663,318.9721374511719,314.85394287109375
12.686768770217896,318.9721374511719,314.85394287109375
12.743733167648315,318.9721374511719,314.85394287109375
12.804437398910522,318.9721374511719,314.85394287109375
12.862006664276123,318.9721374511719,314.8435363769531
12.917658805847168,318.9721374511719,314.8435363769531
12.977243661880493,318.3825378417969,314.8451843261719
13.034839630126953,318.3825378417969,314.8451843261719
13.088953256607056,318.3825378417969,314.86199951171875
13.147105693817139,318.3825378417969,314.86199951171875
13.201737880706787,318.3825378417969,314.86199951171875
13.255908012390137,319.4189758300781,314.8813171386719
13.33670425415039,319.4189758300781,314.8813171386719
13.396642208099365,319.4189758300781,314.87744140625
13.45223593711853,319.4189758300781,314.87744140625
13.506851434707642,319.39154052734375,314.8708801269531
13.563543319702148,319.39154052734375,314.8708801269531
13.623823404312134,319.39154052734375,314.8708801269531
13.679859638214111,319.39154052734375,314.8680725097656
13.740429878234863,319.39154052734375,314.8680725097656
13.797918796539307,320.33734130859375,314.864501953125
13.854820966720581,320.33734130859375,314.864501953125
13.912761926651001,320.33734130859375,314.83856201171875
13.971473932266235,320.33734130859375,314.83856201171875
14.028950452804565,320.33734130859375,314.83856201171875
14.086481809616089,319.37774658203125,314.8304748535156
14.140623569488525,319.37774658203125,314.8304748535156
14.204893827438354,319.37774658203125,314.82891845703125
14.261684656143188,319.37774658203125,314.82891845703125
14.317209243774414,317.80438232421875,314.83819580078125
14.376700401306152,317.80438232421875,314.83819580078125
14.432722568511963,317.80438232421875,314.83819580078125
14.487882852554321,317.80438232421875,314.860107421875
14.550644397735596,317.80438232421875,314.860107421875
14.606675863265991,319.44122314453125,314.8650817871094
14.666914939880371,319.44122314453125,314.8650817871094
14.723483562469482,319.44122314453125,314.85113525390625
14.780430793762207,319.44122314453125,314.85113525390625
15.851377487182617,319.1511535644531,314.8259582519531
15.906808376312256,318.7725830078125,314.8305358886719
15.973987340927124,318.7725830078125,314.8305358886719
16.026538133621216,318.7725830078125,314.8318786621094
16.07982301712036,318.7725830078125,314.8318786621094
16.139095306396484,318.7725830078125,314.8318786621094
16.19374704360962,319.07501220703125,314.83477783203125
16.253767490386963,319.07501220703125,314.83477783203125
16.31215786933899,319.07501220703125,314.8293151855469
16.370372533798218,319.07501220703125,314.8293151855469
16.426511764526367,318.8661804199219,314.82452392578125
16.487796306610107,318.8661804199219,314.82452392578125
16.547555923461914,318.8661804199219,314.82452392578125
16.60400080680847,318.8661804199219,314.8311462402344
16.659860134124756,318.8661804199219,314.8311462402344
16.722471475601196,319.6045837402344,314.8348388671875
16.77453899383545,319.6045837402344,314.8348388671875
16.834654808044434,319.6045837402344,314.8172302246094
16.890324354171753,319.6045837402344,314.8172302246094
16.948769092559814,319.6045837402344,314.8172302246094
17.003648042678833,319.2348937988281,314.7984619140625
17.0590980052948,319.2348937988281,314.7984619140625
17.11530828475952,319.2348937988281,314.8080749511719
17.170891523361206,319.2348937988281,314.8080749511719
17.224337339401245,319.0318908691406,314.8284912109375
17.281012058258057,319.0318908691406,314.8284912109375
17.336937427520752,319.0318908691406,314.8284912109375
17.397205591201782,319.0318908691406,314.8487548828125
17.456055879592896,319.0318908691406,314.8487548828125
17.514737606048584,320.3213806152344,314.8255920410156
17.57241678237915,320.3213806152344,314.8255920410156
17.62777876853943,320.3213806152344,314.8059997558594
17.685081481933594,320.3213806152344,314.8059997558594
17.740084648132324,320.3213806152344,314.8059997558594
18.810794353485107,319.08984375,314.823486328125
18.869381189346313,319.08984375,314.823486328125
18.92639183998108,319.08984375,314.823486328125
18.986813068389893,319.08984375,314.82489013671875
19.043914794921875,319.08984375,314.82489013671875
19.1015682220459,319.04473876953125,314.8246154785156
19.158385276794434,319.04473876953125,314.8246154785156
19.215118408203125,319.04473876953125,314.82318115234375
19.315192699432373,319.04473876953125,314.82318115234375
19.38063931465149,319.3040466308594,314.84307861328125
19.43691086769104,319.3040466308594,314.84307861328125
19.494178295135498,319.3040466308594,314.84307861328125
19.55059313774109,319.3040466308594,314.8165283203125
19.609370231628418,319.3040466308594,314.8165283203125
19.66881036758423,318.96502685546875,314.80487060546875
19.723976612091064,318.96502685546875,314.80487060546875
19.776881456375122,318.96502685546875,314.8310852050781
19.83371376991272,318.96502685546875,314.8310852050781
19.886977910995483,318.96502685546875,314.8310852050781
19.94589376449585,319.61126708984375,314.8084411621094
20.00324010848999,319.61126708984375,314.8084411621094
20.075303554534912,319.61126708984375,314.80224609375
20.131879806518555,319.61126708984375,314.80224609375
20.189501762390137,318.4851989746094,314.8183288574219
20.24437975883484,318.4851989746094,314.8183288574219
20.304805517196655,318.4851989746094,314.84808349609375
20.361504316329956,318.4851989746094,314.84808349609375
20.41388177871704,318.4851989746094,314.84808349609375
20.46877098083496,318.4152526855469,314.8720397949219
20.526444673538208,318.4152526855469,314.8720397949219
20.583457708358765,318.4152526855469,314.88397216796875
20.63913583755493,318.4152526855469,314.88397216796875
20.69141149520874,318.4152526855469,314.88397216796875
21.777341604232788,319.3192138671875,314.79534912109375
21.83591103553772,319.3192138671875,314.79534912109375
21.900045156478882,319.3192138671875,314.79534912109375
21.9578378200531,319.3192138671875,314.79229736328125
22.014779329299927,319.3192138671875,314.79229736328125
22.072569847106934,318.5304870605469,314.7641906738281
22.138022422790527,318.5304870605469,314.7641906738281
22.191657781600952,318.5304870605469,314.8163146972656
22.25168466567993,318.5304870605469,314.8163146972656
22.308921337127686,319.21112060546875,314.8007507324219
22.368279457092285,319.21112060546875,314.8007507324219
22.431710243225098,319.21112060546875,314.8002014160156
22.497920274734497,319.21112060546875,314.8002014160156
22.554161310195923,319.21112060546875,314.8002014160156
22.61197566986084,319.9891052246094,314.78216552734375
22.670156478881836,319.9891052246094,314.78216552734375
22.72557520866394,319.9891052246094,314.70257568359375
22.858216524124146,319.9891052246094,314.70257568359375
22.914254903793335,319.2084655761719,314.6613464355469
22.97161078453064,319.2084655761719,314.6613464355469
23.033387660980225,319.2084655761719,314.6613464355469
23.086623191833496,319.2084655761719,314.6202087402344
23.144693613052368,319.2084655761719,314.6202087402344
23.200433254241943,318.94915771484375,314.6628723144531
23.257214069366455,318.94915771484375,314.6628723144531
23.31497073173523,318.94915771484375,314.6518249511719
23.372931480407715,318.94915771484375,314.6518249511719
23.432260751724243,318.94915771484375,314.6518249511719
23.488227605819702,319.5404357910156,314.5795593261719
23.544764280319214,319.5404357910156,314.5795593261719
23.59821128845215,319.5404357910156,314.5121154785156
23.657233715057373,319.5404357910156,314.5121154785156
23.71493887901306,318.73297119140625,314.5
23.76989436149597,318.73297119140625,314.5
23.8276789188385,318.73297119140625,314.5
23.884698390960693,318.73297119140625,314.5
23.93822145462036,318.73297119140625,314.5
23.993491411209106,318.73297119140625,314.5
24.049052953720093,318.73297119140625,314.5
24.1086163520813,318.73297119140625,314.5
24.174046277999878,318.73297119140625,314.5
24.234557628631592,318.73297119140625,314.5
24.292388916015625,318.73297119140625,314.5
24.35161781311035,318.73297119140625,314.5
24.40869665145874,318.73297119140625,314.5
24.467852354049683,318.73297119140625,314.5
24.54636573791504,318.73297119140625,314.5
24.607126235961914,318.73297119140625,314.5
24.66557788848877,318.73297119140625,314.5
24.71952199935913,318.73297119140625,314.5
24.776070833206177,318.73297119140625,314.5
24.83040142059326,318.73297119140625,314.5
24.886263608932495,318.73297119140625,89.95054626464844
24.941850662231445,318.73297119140625,89.95054626464844
24.9992196559906,27.38249969482422,90.09095001220703
25.058220863342285,27.38249969482422,90.09095001220703
25.121249437332153,27.38249969482422,90.09095001220703
25.183404445648193,27.38249969482422,90.1949462890625
25.23854374885559,27.38249969482422,90.1949462890625
25.304187536239624,30.41144561767578,90.31242370605469
25.361661434173584,30.41144561767578,90.31242370605469
25.415188312530518,30.41144561767578,90.4582748413086
25.472315549850464,30.41144561767578,90.4582748413086
25.535598516464233,31.594388961791992,90.5398178100586
25.598114013671875,31.594388961791992,90.5398178100586
25.655388593673706,31.594388961791992,90.64842224121094
25.71178102493286,31.594388961791992,90.64842224121094
25.767025470733643,32.7761116027832,90.70098114013672
25.828052043914795,32.7761116027832,90.70098114013672
25.887797355651855,32.7761116027832,90.70098114013672
25.948394775390625,32.7761116027832,90.76132202148438
26.00516176223755,32.7761116027832,90.76132202148438
26.06372618675232,34.28086853027344,90.95793151855469
26.116095066070557,34.28086853027344,90.95793151855469
26.18426752090454,34.28086853027344,90.98683166503906
26.239152908325195,34.28086853027344,90.98683166503906
26.292717218399048,34.12135314941406,91.04428100585938
26.3542902469635,34.12135314941406,91.04428100585938
26.410526037216187,34.12135314941406,91.04428100585938
26.470417976379395,34.12135314941406,91.13008117675781
26.526276350021362,34.12135314941406,91.13008117675781
26.59097647666931,33.80067443847656,91.1996841430664
26.649141788482666,33.80067443847656,91.1996841430664
26.71150493621826,33.80067443847656,91.31839752197266
26.773940324783325,33.80067443847656,91.31839752197266
26.83265209197998,33.912471771240234,91.37572479248047
26.889991521835327,33.912471771240234,91.37572479248047
26.947415113449097,33.912471771240234,91.37572479248047
27.014793395996094,33.912471771240234,91.37572479248047
27.07360291481018,33.912471771240234,91.37572479248047
27.134202003479004,33.912471771240234,91.37572479248047
27.19010901451111,33.912471771240234,91.37572479248047
27.24589204788208,33.912471771240234,91.37572479248047
27.302680015563965,33.912471771240234,91.37572479248047
27.372884511947632,33.912471771240234,91.37572479248047
27.425673484802246,33.912471771240234,91.37572479248047
27.49119734764099,33.912471771240234,91.37572479248047
27.54981565475464,33.912471771240234,91.37572479248047
27.612910985946655,33.912471771240234,91.37572479248047
27.671162128448486,33.912471771240234,91.37572479248047
27.724466562271118,33.912471771240234,91.37572479248047
27.7785222530365,33.912471771240234,91.37572479248047
27.83760643005371,33.912471771240234,91.37572479248047
27.911980867385864,33.912471771240234,91.37572479248047
27.970781564712524,33.912471771240234,91.37572479248047
28.02546262741089,33.912471771240234,92.30079650878906
28.08073663711548,33.912471771240234,92.30079650878906
28.13628077507019,33.679344177246094,92.3980484008789
28.198475122451782,33.679344177246094,92.3980484008789
28.257418870925903,33.679344177246094,92.44927978515625
28.325985193252563,33.679344177246094,92.44927978515625
28.386929273605347,33.599273681640625,92.5718002319336
28.45804524421692,33.599273681640625,92.5718002319336
28.512887954711914,33.599273681640625,92.5718002319336
28.572395086288452,33.599273681640625,92.75141906738281
28.625670433044434,33.599273681640625,92.75141906738281
28.68201971054077,33.54273986816406,92.82795715332031
28.748518228530884,33.54273986816406,92.82795715332031
28.801477193832397,33.54273986816406,92.91597747802734
28.871300220489502,33.54273986816406,92.91597747802734
28.92747974395752,33.507022857666016,93.04759216308594
29.04727864265442,33.507022857666016,93.04759216308594
29.118075847625732,33.507022857666016,93.09357452392578
29.173903703689575,33.507022857666016,93.09357452392578
29.23081684112549,33.597869873046875,93.20950317382812
29.292492151260376,33.597869873046875,93.20950317382812
29.353196144104004,33.597869873046875,93.27275085449219
31.344698429107666,33.597869873046875,93.27275085449219
31.397117853164673,33.673973083496094,93.38050079345703
31.45285654067993,33.673973083496094,93.38050079345703
31.508265256881714,33.673973083496094,93.38050079345703
31.571383476257324,33.673973083496094,93.43978881835938
31.630473375320435,33.673973083496094,93.43978881835938
31.688002109527588,33.77592849731445,93.60472106933594
31.750468969345093,33.77592849731445,93.60472106933594
31.81440806388855,33.77592849731445,93.71090698242188
31.875203371047974,33.77592849731445,93.71090698242188
31.995144605636597,33.61654281616211,93.86565399169922
32.05235934257507,33.61654281616211,93.86565399169922
32.11919808387756,33.61654281616211,93.86565399169922
32.17984175682068,33.61654281616211,93.86565399169922
32.240297079086304,33.61654281616211,93.86565399169922
32.301600217819214,33.61654281616211,93.86565399169922
32.36913299560547,33.61654281616211,93.86565399169922
32.43296456336975,33.61654281616211,93.86565399169922
32.49422335624695,33.61654281616211,93.86565399169922
32.55398416519165,33.61654281616211,93.86565399169922
32.61522841453552,33.61654281616211,93.86565399169922
32.67080760002136,33.61654281616211,93.86565399169922
32.7346305847168,33.61654281616211,93.86565399169922
32.80297875404358,33.61654281616211,93.86565399169922
32.85969638824463,33.61654281616211,93.86565399169922
32.92573952674866,33.61654281616211,93.86565399169922
32.98396563529968,33.61654281616211,93.86565399169922
33.07131552696228,33.61654281616211,93.86565399169922
33.13274049758911,33.61654281616211,93.86565399169922
33.19177746772766,33.61654281616211,94.62628936767578
33.26939582824707,33.61654281616211,94.62628936767578
33.334047079086304,33.511573791503906,94.71062469482422
33.38709259033203,33.511573791503906,94.71062469482422
33.46677494049072,33.511573791503906,94.71062469482422
33.52208423614502,33.511573791503906,94.77839660644531
33.579798460006714,33.511573791503906,94.77839660644531
33.64180064201355,33.30361557006836,94.90001678466797
33.70345377922058,33.30361557006836,94.90001678466797
33.805662870407104,33.30361557006836,94.96746826171875
33.86612796783447,33.51520538330078,95.091064453125
33.92447018623352,33.51520538330078,95.091064453125
33.984538555145264,33.51520538330078,95.091064453125
34.0444860458374,33.51520538330078,95.13751983642578
34.10137224197388,33.51520538330078,95.13751983642578
34.156169176101685,33.62050247192383,95.26586151123047
34.21975803375244,33.62050247192383,95.26586151123047
34.31225824356079,33.62050247192383,95.3662109375
34.39337372779846,33.62050247192383,95.3662109375
34.44877052307129,33.62373733520508,95.44404602050781
34.5167338848114,33.62373733520508,95.44404602050781
34.58244800567627,33.62373733520508,95.46753692626953
34.64323544502258,33.62373733520508,95.46753692626953
34.703818798065186,33.41892623901367,95.59392547607422
34.76684045791626,33.41892623901367,95.59392547607422
34.825242042541504,33.41892623901367,95.68633270263672
34.883538007736206,33.41892623901367,95.68633270263672
34.93964672088623,33.47827911376953,95.7232894897461
34.99560499191284,33.47827911376953,95.7232894897461
35.05945611000061,33.47827911376953,95.7232894897461
35.11841058731079,33.47827911376953,95.77326202392578
35.18293571472168,33.47827911376953,95.77326202392578
35.24675464630127,33.376312255859375,95.8862075805664
35.29948568344116,33.376312255859375,95.8862075805664
36.433088064193726,33.459842681884766,96.86933898925781
36.49742293357849,33.459842681884766,96.86933898925781
36.596433877944946,33.469913482666016,96.95372772216797
36.65489339828491,33.469913482666016,96.95372772216797
36.71419596672058,33.469913482666016,97.0118637084961
36.77034330368042,33.469913482666016,97.0118637084961
36.84977960586548,33.45820999145508,97.05636596679688
36.91032290458679,33.45820999145508,97.05636596679688
36.974273443222046,33.45820999145508,97.2034683227539
37.02983808517456,33.45820999145508,97.2034683227539
37.085339307785034,33.43560028076172,97.23974609375
37.14497494697571,33.43560028076172,97.23974609375
37.20426392555237,33.43560028076172,97.31600952148438
37.26427960395813,33.43560028076172,97.31600952148438
37.32412934303284,33.43560028076172,97.31600952148438
37.37868046760559,33.56174087524414,97.47603607177734
37.44444465637207,33.56174087524414,97.47603607177734
37.50661110877991,33.56174087524414,97.55712127685547
37.56801724433899,33.56174087524414,97.55712127685547
37.625848054885864,33.366764068603516,97.63945007324219
37.68192148208618,33.366764068603516,97.63945007324219
37.74332594871521,33.366764068603516,97.75172424316406
37.80389738082886,33.366764068603516,97.75172424316406
37.86611270904541,33.366764068603516,97.75172424316406
37.9302294254303,33.37065887451172,97.83891296386719
37.99033975601196,33.37065887451172,97.83891296386719
38.04720187187195,33.37065887451172,97.8792953491211
38.10826897621155,33.37065887451172,97.8792953491211
38.17918634414673,33.39936447143555,98.01206970214844
38.23430776596069,33.39936447143555,98.01206970214844
38.3004195690155,33.39936447143555,98.0929183959961
38.357962131500244,33.39936447143555,98.0929183959961
38.42278003692627,33.39936447143555,98.0929183959961
38.480321407318115,33.39936447143555,98.0929183959961
38.55197596549988,33.39936447143555,98.0929183959961
38.61510252952576,33.39936447143555,98.0929183959961
38.66890048980713,33.39936447143555,98.0929183959961
38.73010516166687,33.39936447143555,98.0929183959961
38.78733038902283,33.39936447143555,98.0929183959961
38.85087299346924,33.39936447143555,98.0929183959961
38.907999992370605,33.39936447143555,98.0929183959961
38.969460010528564,33.39936447143555,98.0929183959961
39.03047752380371,33.39936447143555,98.0929183959961
39.09062886238098,33.39936447143555,98.0929183959961
39.150715827941895,33.39936447143555,98.0929183959961
39.20567321777344,33.39936447143555,98.0929183959961
39.26439189910889,33.39936447143555,98.0929183959961
39.323219537734985,33.39936447143555,98.0929183959961
39.38507676124573,33.39936447143555,98.0929183959961
39.444395542144775,33.39936447143555,98.0929183959961
39.50567889213562,33.398658752441406,98.23921966552734
39.56509447097778,33.398658752441406,98.23921966552734
39.621275663375854,33.398658752441406,99.01400756835938
39.86563849449158,33.398658752441406,99.01400756835938
39.985036849975586,33.44768142700195,99.2201156616211
40.0545551776886,33.44768142700195,99.2201156616211
40.1104531288147,33.44635772705078,99.2201156616211
40.20239329338074,33.44635772705078,99.2201156616211
40.26141595840454,33.44635772705078,99.2469711303711
40.32278823852539,33.44635772705078,99.2469711303711
40.38163733482361,33.44747543334961,99.30070495605469
40.43648862838745,33.44747543334961,99.30070495605469
40.49728584289551,33.44747543334961,99.32467651367188
40.561976194381714,33.44747543334961,99.32467651367188
40.62088918685913,33.45126724243164,99.4472427368164
40.675334453582764,33.45126724243164,99.4472427368164
40.73682188987732,33.45126724243164,99.4472427368164
40.79670572280884,33.45126724243164,99.54376983642578
40.851746559143066,33.45126724243164,99.54376983642578
40.9047532081604,33.553443908691406,99.67108917236328
40.96132230758667,33.553443908691406,99.67108917236328
41.017656326293945,33.553443908691406,99.79963684082031
41.07499051094055,33.553443908691406,99.79963684082031
41.13109803199768,33.553443908691406,99.79963684082031
41.188695430755615,33.28128433227539,99.87543487548828
41.246233224868774,33.28128433227539,99.87543487548828
41.30442428588867,33.414573669433594,100.00830841064453
41.381266355514526,33.414573669433594,100.00830841064453
41.45173454284668,33.414573669433594,100.18238067626953
41.520021200180054,33.414573669433594,100.18238067626953
41.57853674888611,33.71787643432617,100.21369171142578
41.64481544494629,33.71787643432617,100.21369171142578
41.708871364593506,33.71787643432617,100.38134765625
41.765652656555176,33.71787643432617,100.38134765625
41.82431387901306,33.71787643432617,100.38134765625
41.88010811805725,33.71787643432617,100.38134765625
41.94144821166992,33.71787643432617,100.38134765625
42.015653133392334,33.71787643432617,100.38134765625
42.0730619430542,33.71787643432617,100.38134765625
42.130751609802246,33.71787643432617,100.38134765625
42.190332889556885,33.71787643432617,100.38134765625
42.25251531600952,33.71787643432617,100.38134765625
42.315635204315186,33.71787643432617,100.38134765625
42.370983600616455,33.71787643432617,100.38134765625
42.42764163017273,33.71787643432617,100.38134765625
42.49383354187012,33.71787643432617,100.38134765625
42.55595350265503,33.71787643432617,100.38134765625
42.621679067611694,33.71787643432617,100.38134765625
42.67920732498169,33.71787643432617,100.38134765625
42.73707127571106,33.71787643432617,100.38134765625
42.80060791969299,33.71787643432617,100.38134765625
42.861167192459106,44.01801681518555,101.44416046142578
42.916874408721924,44.01801681518555,101.44416046142578
42.97632646560669,44.01801681518555,101.44416046142578
43.03277945518494,44.01801681518555,101.53656005859375
43.089637756347656,44.01801681518555,101.53656005859375
43.14944934844971,73.19647979736328,101.590087890625
43.21002221107483,73.19647979736328,101.590087890625
43.27295994758606,73.19647979736328,101.61614227294922
43.33987617492676,73.19647979736328,101.61614227294922
43.39506697654724,91.52053833007812,101.6300277709961
43.45532560348511,91.52053833007812,101.6300277709961
43.51817774772644,91.52053833007812,101.63046264648438
43.57755136489868,91.52053833007812,101.63046264648438
43.63934946060181,100.1411361694336,101.62901306152344
43.69693660736084,100.1411361694336,101.62901306152344
43.7622492313385,100.1411361694336,101.62901306152344
43.82124376296997,100.1411361694336,101.62395477294922
43.8978214263916,100.1411361694336,101.62395477294922
43.968573570251465,105.87828063964844,101.61227416992188
44.026896953582764,105.87828063964844,101.61227416992188
44.08212947845459,105.87828063964844,101.59654998779297
44.144835233688354,105.87828063964844,101.59654998779297
44.20877766609192,116.10914611816406,101.57189178466797
44.26424479484558,116.10914611816406,101.57189178466797
44.32255005836487,116.10914611816406,101.54338836669922
44.37841510772705,116.10914611816406,101.54338836669922
44.44163703918457,127.14984130859375,101.53158569335938
44.493672132492065,127.14984130859375,101.53158569335938
44.54953718185425,127.14984130859375,101.53158569335938
44.60542917251587,127.14984130859375,101.4966049194336
44.657418966293335,127.14984130859375,101.4966049194336
44.71563935279846,139.09971618652344,101.44648742675781
44.78203296661377,139.09971618652344,101.44648742675781
44.83939218521118,139.09971618652344,101.45069122314453
44.893759965896606,139.09971618652344,101.45069122314453
44.95241045951843,139.09971618652344,101.45069122314453
45.01075458526611,139.09971618652344,101.45069122314453
45.07153940200806,139.09971618652344,101.45069122314453
45.1328821182251,139.09971618652344,101.45069122314453
45.20934796333313,139.09971618652344,101.45069122314453
45.263259410858154,139.09971618652344,101.45069122314453
45.32335090637207,139.09971618652344,101.45069122314453
45.37651038169861,139.09971618652344,101.45069122314453
45.42936182022095,139.09971618652344,101.45069122314453
45.481934785842896,139.09971618652344,101.45069122314453
45.53868365287781,139.09971618652344,101.45069122314453
45.59256601333618,139.09971618652344,101.45069122314453
45.646960973739624,139.09971618652344,101.45069122314453
45.70065784454346,139.09971618652344,101.45069122314453
45.756436824798584,139.09971618652344,101.45069122314453
45.80902338027954,139.09971618652344,101.45069122314453
45.865955114364624,139.09971618652344,101.45069122314453
45.92481732368469,139.09971618652344,101.45069122314453
45.98641490936279,139.09971618652344,101.45069122314453
46.04710793495178,133.6532745361328,101.18710327148438
46.099862813949585,133.6532745361328,101.18710327148438
46.153520345687866,133.6532745361328,101.18710327148438
46.206276655197144,133.6532745361328,101.18594360351562
46.28235697746277,133.6532745361328,101.18594360351562
46.33697295188904,123.2220230102539,101.2103271484375
46.38960862159729,123.2220230102539,101.2103271484375
46.44585657119751,123.2220230102539,101.2103271484375
46.50261378288269,123.2220230102539,101.22164916992188
46.565863847732544,123.2220230102539,101.22164916992188
46.622172117233276,98.6167221069336,101.22000885009766
46.675086975097656,98.6167221069336,101.22000885009766
46.73099970817566,98.6167221069336,101.21717071533203
46.78441882133484,98.6167221069336,101.21717071533203
46.84282207489014,98.6167221069336,101.21717071533203
46.89757227897644,121.40179443359375,101.20558166503906
46.95796799659729,121.40179443359375,101.20558166503906
47.014082193374634,121.40179443359375,101.20426177978516
47.08390188217163,121.40179443359375,101.20426177978516
47.14266324043274,138.78948974609375,101.22232818603516
47.211397647857666,138.78948974609375,101.22232818603516
47.26676940917969,138.78948974609375,101.22232818603516
47.32204341888428,138.78948974609375,101.23640441894531
47.3803813457489,138.78948974609375,101.23640441894531
47.439643144607544,137.31956481933594,101.22492218017578
47.49941611289978,137.31956481933594,101.22492218017578
47.55731415748596,137.31956481933594,101.24568176269531
47.61557412147522,137.31956481933594,101.24568176269531
47.66972374916077,135.5407257080078,101.23641967773438
47.72566223144531,135.5407257080078,101.23641967773438
47.77978992462158,135.5407257080078,101.23641967773438
47.83648443222046,135.5407257080078,101.23075866699219
47.88828706741333,135.5407257080078,101.23075866699219
47.947259187698364,151.0491180419922,101.22506713867188
49.07313537597656,127.29132843017578,101.16754150390625
49.13346815109253,127.29132843017578,101.15420532226562
49.18937087059021,127.29132843017578,101.15420532226562
49.24838137626648,128.13577270507812,101.11669158935547
49.303088903427124,128.13577270507812,101.11669158935547
49.36671853065491,128.13577270507812,101.11669158935547
49.41880559921265,128.13577270507812,101.08042907714844
49.47480773925781,128.13577270507812,101.08042907714844
49.567190647125244,130.20587158203125,101.02643585205078
49.62340688705444,130.20587158203125,101.02643585205078
49.680312156677246,130.20587158203125,100.92797088623047
49.74513030052185,130.20587158203125,100.92797088623047
49.80472946166992,127.87918853759766,100.867431640625
49.86086916923523,127.87918853759766,100.867431640625
49.923442363739014,127.87918853759766,100.79612731933594
49.97555589675903,127.87918853759766,100.79612731933594
50.030948638916016,127.87918853759766,100.79612731933594
50.08764338493347,125.9222183227539,100.81375122070312
50.147549629211426,125.9222183227539,100.81375122070312
50.20947289466858,125.9222183227539,100.82939147949219
50.26448345184326,125.9222183227539,100.82939147949219
50.324827671051025,128.69107055664062,100.83143615722656
50.38607954978943,128.69107055664062,100.83143615722656
50.443591356277466,128.69107055664062,100.82086944580078
50.50472116470337,128.69107055664062,100.82086944580078
50.56354284286499,127.22920989990234,100.82528686523438
50.623286485672,127.22920989990234,100.82528686523438
50.680460691452026,127.22920989990234,100.82528686523438
50.73479676246643,127.22920989990234,100.83954620361328
50.7921462059021,127.22920989990234,100.83954620361328
50.84671902656555,128.51275634765625,100.83917999267578
50.903430700302124,128.51275634765625,100.83917999267578
52.02177453041077,153.1616668701172,100.80587768554688
52.079203367233276,153.1616668701172,100.80587768554688
52.141448974609375,153.1616668701172,100.78569793701172
52.19780969619751,153.1616668701172,100.78569793701172
52.27024006843567,144.91558837890625,100.75413513183594
52.32361578941345,144.91558837890625,100.75413513183594
52.38289189338684,144.91558837890625,100.75413513183594
52.4406373500824,144.91558837890625,100.7545394897461
52.502761363983154,144.91558837890625,100.7545394897461
52.59104609489441,116.59246063232422,100.76394653320312
52.647698640823364,116.59246063232422,100.76394653320312
52.70735287666321,116.59246063232422,100.75169372558594
52.77202868461609,116.59246063232422,100.75169372558594
52.82756972312927,116.59246063232422,100.75169372558594
52.88144373893738,126.48509216308594,100.74689483642578
52.93775010108948,126.48509216308594,100.74689483642578
52.99833703041077,126.48509216308594,100.74836730957031
53.054508447647095,126.48509216308594,100.74836730957031
53.11416578292847,138.41966247558594,100.75032043457031
53.174798011779785,138.41966247558594,100.75032043457031
53.2295355796814,138.41966247558594,100.74645233154297
53.34709405899048,138.41966247558594,100.74645233154297
53.407907485961914,138.41966247558594,100.74645233154297
53.46928548812866,122.74954223632812,100.77398681640625
53.528815269470215,122.74954223632812,100.77398681640625
53.589057207107544,122.74954223632812,100.77801513671875
53.64365339279175,122.74954223632812,100.77801513671875
53.70054531097412,107.61418914794922,100.78466033935547
53.7598614692688,107.61418914794922,100.78466033935547
53.81468963623047,107.61418914794922,100.78466033935547
53.87490701675415,107.61418914794922,100.78466033935547
53.93282175064087,107.61418914794922,100.78466033935547
53.99053382873535,106.20514678955078,100.76360321044922
54.05136847496033,106.20514678955078,100.76360321044922
54.10950565338135,106.20514678955078,100.76360321044922
54.16602802276611,106.20514678955078,100.76360321044922
54.22323155403137,106.20514678955078,100.76360321044922
54.280160903930664,106.20514678955078,100.76360321044922
54.33382177352905,106.20514678955078,100.76360321044922
54.39210867881775,106.20514678955078,100.76360321044922
54.450536489486694,106.20514678955078,100.76360321044922
54.51058053970337,106.20514678955078,100.76360321044922
54.56827354431152,106.20514678955078,100.76360321044922
54.63023352622986,106.20514678955078,100.76360321044922
54.68705773353577,106.20514678955078,100.76360321044922
54.74531650543213,106.20514678955078,100.76360321044922
54.807477951049805,106.20514678955078,100.76360321044922
54.864863872528076,106.20514678955078,100.76360321044922
54.92022776603699,106.20514678955078,100.76360321044922
54.979199171066284,106.20514678955078,100.76360321044922
55.04062008857727,106.20514678955078,100.76360321044922
55.10318994522095,106.20514678955078,100.76360321044922
55.161155223846436,106.20514678955078,100.62467956542969
55.22849082946777,106.20514678955078,100.62467956542969
55.28676795959473,82.92353820800781,100.60722351074219
55.34628701210022,82.92353820800781,100.60722351074219
55.405988931655884,82.92353820800781,100.59868621826172
55.465189695358276,82.92353820800781,100.59868621826172
55.52709484100342,74.63395690917969,100.5699234008789
55.587196350097656,74.63395690917969,100.5699234008789
55.64357113838196,74.63395690917969,100.56123352050781
55.705803632736206,74.63395690917969,100.56123352050781
55.76471495628357,71.19200897216797,100.55793762207031
55.824482917785645,71.19200897216797,100.55793762207031
55.88355255126953,71.19200897216797,100.55793762207031
55.946139097213745,71.19200897216797,100.5558853149414
56.002816915512085,71.19200897216797,100.5558853149414
56.0591676235199,73.33358764648438,100.55501556396484
56.11867356300354,73.33358764648438,100.55501556396484
56.17410373687744,73.33358764648438,100.57081604003906
56.22901725769043,73.33358764648438,100.57081604003906
56.28711175918579,87.75657653808594,100.57854461669922
56.343350887298584,87.75657653808594,100.57854461669922
56.399110078811646,87.75657653808594,100.57854461669922
56.45776557922363,87.75657653808594,100.58321380615234
56.516111612319946,87.75657653808594,100.58321380615234
56.572832345962524,99.09001922607422,100.582275390625
56.62644362449646,99.09001922607422,100.582275390625
56.68457245826721,99.09001922607422,100.57258605957031
56.74584460258484,99.09001922607422,100.57258605957031
56.80582571029663,106.734619140625,100.56607818603516
56.86520743370056,106.734619140625,100.56607818603516
56.92002868652344,106.734619140625,100.56607818603516
56.977410078048706,106.734619140625,100.5359878540039
57.033851146698,106.734619140625,100.5359878540039
57.089640855789185,116.61334991455078,100.51892852783203
57.17624020576477,116.61334991455078,100.51892852783203
57.23809623718262,116.61334991455078,100.51892852783203
57.313716650009155,116.61334991455078,100.51892852783203
57.37314486503601,116.61334991455078,100.51892852783203
57.432008266448975,116.61334991455078,100.51892852783203
57.51903223991394,116.61334991455078,100.51892852783203
57.607083320617676,116.61334991455078,100.51892852783203
57.66162395477295,116.61334991455078,100.51892852783203
57.72021698951721,116.61334991455078,100.51892852783203
57.78611159324646,116.61334991455078,100.51892852783203
57.844770193099976,116.61334991455078,100.51892852783203
57.9058256149292,116.61334991455078,100.51892852783203
57.961400508880615,116.61334991455078,100.51892852783203
58.02434825897217,116.61334991455078,100.51892852783203
58.081531047821045,116.61334991455078,100.51892852783203
58.146615982055664,116.61334991455078,100.51892852783203
58.203673362731934,116.61334991455078,100.51892852783203
58.264365673065186,116.61334991455078,100.51892852783203
58.3230037689209,116.61334991455078,99.849365234375
58.381816387176514,116.61334991455078,99.849365234375
58.43786597251892,143.46832275390625,99.69931030273438
58.50925374031067,143.46832275390625,99.69931030273438
58.568371534347534,143.46832275390625,99.6030044555664
58.62791085243225,143.46832275390625,99.6030044555664
58.692533016204834,144.302734375,99.53958129882812
58.7541229724884,144.302734375,99.53958129882812
58.83123588562012,144.302734375,99.40568542480469
58.89558529853821,144.302734375,99.40568542480469
58.954307079315186,145.354248046875,99.30590057373047
59.0108368396759,145.354248046875,99.30590057373047
59.06841540336609,145.354248046875,99.15626525878906
59.13151955604553,145.354248046875,99.15626525878906
59.19201374053955,145.73179626464844,99.06604766845703
59.25298476219177,145.73179626464844,99.06604766845703
59.31176781654358,145.73179626464844,99.06604766845703
59.37911581993103,145.79901123046875,98.93656921386719
59.43620586395264,145.79901123046875,98.93656921386719
59.49837779998779,145.79901123046875,98.82923126220703
59.558751821517944,145.79901123046875,98.82923126220703
59.62886357307434,146.49839782714844,98.71412658691406
59.69275879859924,146.49839782714844,98.71412658691406
59.74789786338806,146.49839782714844,98.58857727050781
59.8149631023407,146.49839782714844,98.58857727050781
59.86988973617554,146.8766326904297,98.50577545166016
59.92707133293152,146.8766326904297,98.50577545166016
59.9886999130249,146.8766326904297,98.40058898925781
60.04575443267822,146.8766326904297,98.40058898925781
60.115070819854736,146.8766326904297,98.40058898925781
60.18297553062439,146.9816131591797,98.2545166015625
60.24791622161865,146.9816131591797,98.2545166015625
60.316033124923706,146.9816131591797,98.14569091796875
61.38939547538757,147.4448699951172,97.212890625
61.446818351745605,147.5069122314453,97.04757690429688
61.50698137283325,147.5069122314453,97.04757690429688
61.56556510925293,147.5069122314453,97.04757690429688
61.63200378417969,147.5069122314453,96.9630126953125
61.692933082580566,147.5069122314453,96.9630126953125
61.75733208656311,147.5323944091797,96.85432434082031
61.81554365158081,147.5323944091797,96.85432434082031
61.87747931480408,147.5323944091797,96.79212951660156
61.9433491230011,147.5323944091797,96.79212951660156
62.00650453567505,147.55551147460938,96.72208404541016
62.06303882598877,147.55551147460938,96.72208404541016
62.137428760528564,147.55551147460938,96.61788177490234
62.200607776641846,147.55551147460938,96.61788177490234
62.271538972854614,147.55551147460938,96.61788177490234
62.33211708068848,147.44760131835938,96.46755981445312
62.405144929885864,147.44760131835938,96.46755981445312
62.4805064201355,147.44760131835938,96.32563781738281
62.550325870513916,147.44760131835938,96.32563781738281
62.61936545372009,147.55470275878906,96.13605499267578
62.68768262863159,147.55470275878906,96.13605499267578
62.75477123260498,147.55470275878906,96.0562515258789
62.81424117088318,147.55470275878906,96.0562515258789
62.883384466171265,147.55470275878906,96.0562515258789
62.95593810081482,147.40484619140625,96.00852966308594
63.120423793792725,147.40484619140625,96.00852966308594
63.19036674499512,147.40484619140625,95.87313842773438
63.26330041885376,147.40484619140625,95.87313842773438
63.336122274398804,147.5736541748047,95.72570037841797
63.39613175392151,147.5736541748047,95.72570037841797
63.45898222923279,147.5736541748047,95.59432983398438
63.532158851623535,147.5736541748047,95.59432983398438
65.50728940963745,147.7202606201172,95.47083282470703
65.57347679138184,147.7202606201172,95.47083282470703
65.6435968875885,147.7202606201172,95.40544891357422
65.70808053016663,147.7202606201172,95.40544891357422
65.7700572013855,147.7202606201172,95.40544891357422
65.8288836479187,147.7202606201172,95.40544891357422
65.89179301261902,147.7202606201172,95.40544891357422
